{
"type": "FeatureCollection",
"name": "imaterial_pontos_sicg",
"crs": { "type": "name", "properties": { "name": "urn:ogc:def:crs:EPSG::4674" } },
"features": [
{ "type": "Feature", "properties": { "id_bem_imaterial": 644, "id_abrangencia_bem_imat": 4, "st_registrado": true, "st_identificado": true, "no_bem_imaterial": "Folguedo Bumba-meu-Boi", "ds_bem_imaterial": "A celebração do Folguedo  Bumba  Meu  Boi,  na cidade  de Maringá,  deriva de um projeto social,  criado em 1995, pela entidade  Anjos da Guarda.  Trata-se de uma  manifestação que se faz via momentos de dança,  canto e teatro.  É  uma festividade   que   difundi    a    cultura    bumba    meu    boi, proveniente   do   Maranhão,    e   se   revela   um   elemento importante  do  pensar,  viver  e  fazer  afro-brasileiro,   neste estado e município.  Tal expressão pode ser dada enquanto um  “amalgama”   aglutinador   de   pessoas   que   buscam através  da dimensão cultural e da linguagem artística uma forma   de   integração,     construindo    dessa    maneira   a cidadania   através   da  produção   cultural.   Diante   dessa relevância,    a   municipalidade   reconheceu   a  celebração “Folguedo Bumba Meu Boi” como Bem Cultural Imaterial de Maringá.      Tal    medida    visa     garantir    a    relação    de pertencimento      dos      indivíduos       que     vivem     essa manifestação,  e,  que  por  meio da mesma  partilham uma identidade  coletiva.    Essa  decisão  encontra  sintonia  na legislação   patrimonial,   uma  vez   que  de  acordo  com  a Unesco, a expressão “Bens Culturais Imateriais” refere-se a todo “um conjunto de manifestações que são partilhadas e que importam para a organização social de um dado grupo, que são coletividades fundamentais para a coesão entre os membros    que    formam    uma   comunidade”.    Os   Bens Culturais     Imateriais    são    compostos    por    elementos\r\nintangíveis,  como os fazeres,  as  formas  de  expressão, os ofícios,  as  festividades,  as  religiões  e  práticas  de  fé,  as\r\nformas  de  falar,  as  celebrações,  enfim,  vários elementos que congregam indivíduos e criam sociabilidades.", "categoria": 3, "dt_identificacao": null, "dt_registro": null, "localizacao_especifica": "Rua Haiti n 908 – Vila Morangueira", "outra_denominacao": null, "integracao_licen_ambient": false }, "geometry": { "type": "Point", "coordinates": [ -51.8983, -23.41775 ] } },
{ "type": "Feature", "properties": { "id_bem_imaterial": 629, "id_abrangencia_bem_imat": 5, "st_registrado": true, "st_identificado": true, "no_bem_imaterial": "INRC - Reisado em Pernambuco", "ds_bem_imaterial": "O estado de Pernambuco possui uma enorme riqueza cultural gerada pela diversidade de etnias encontrada na região e por conta de uma formação histórica que permitiu o desenvolvimento de elementos que possibilitassem esta diversidade. Algumas regiões são mais marcadas por determinadas características culturais, de acordo com os processos históricos vivenciados e pela presença, mais ou menos marcante, de negros de origem banta em sua maioria, indígenas de diferentes etnias e brancos portugueses. O Reisado é um dos bens culturais mais facilmente encontrados nas regiões do agreste e do sertão do estado, e podemos citar apenas um grupo no Recife, no bairro da Bomba do Hemetério. De acordo com nossas pesquisas até o momento, os grupos variam na sua origem, podendo esta estar ligada a outras regiões e estados, como Paraíba e Alagoas, à origem europeia (portuguesa ou holandesa) e à origem negra, com comunidades quilombolas que praticam esta tradição.", "categoria": 3, "dt_identificacao": null, "dt_registro": null, "localizacao_especifica": "Recife é uma cidade de Estado do Pernambuco. A cidade é a parte azul que se encontra no mapa.", "outra_denominacao": null, "integracao_licen_ambient": false }, "geometry": { "type": "Point", "coordinates": [ -34.8813, -8.05428 ] } },
{ "type": "Feature", "properties": { "id_bem_imaterial": 108, "id_abrangencia_bem_imat": 4, "st_registrado": true, "st_identificado": true, "no_bem_imaterial": "Cachoeira de Iauaretê – Lugar sagrado dos povos indígenas dos rios Uaupés e Papuri", "ds_bem_imaterial": "Lugar Sagrado dos Povos Indígenas dos rios Uaupés e Papuri, localizada na região do Alto Rio Negro, distrito de Iauaretê, município de São Gabriel da Cachoeira, estado do Amazonas. A Cachoeira de Iauaretê, ou Cachoeira da Onça, corresponde a um lugar de referência fundamental para os povos indígenas que habitam a região banhada pelos rios Uaupés e Papuri, reunidos em dez comunidades, multiculturais na maioria, compostas pelas etnias de filiação lingüística Tukano Oriental, Aruaque e Maku. Várias das pedras, lajes, ilhas e paranás da Cachoeira de Iauaretê simbolizam episódios de guerras, perseguições, mortes e alianças descritos nos mitos de origem e nas narrativas históricas destes povos. Para eles a Cachoeira de Iauaretê é seu Lugar Sagrado, onde está marcada a história de sua origem e fixação nessa região, assim como a história do estabelecimento das relações de afinidade que vêm permitindo, até hoje, a convivência e o compartilhamento de padrões culturais entre os diversos grupos que coabitam naquele território. Apesar do multilingüismo e das diferenças culturais, as quatorze etnias presentes nessa região – Arapaso, Bará, Barasana, Desana, Karapanã, Kubeo, Makuna, Miriti-tapuya, Pira-tapuya, Siriano, Tariana, Tukano, Tuyuka e Wanano – encontram-se articuladas em uma rede de trocas e identificadas no que diz respeito à cultura material, à organização social e à visão de mundo.  É nesse contexto mais amplo que se insere a Cachoeira de Iauaretê: além de sua natureza geográfica, constrói-se ali uma paisagem cultural constituída por lugares sagrados, assim considerados pela densidade de sentidos que os mitos lhe conferem. Como depositária de referências políticas e sócio-econômicas, a Cachoeira de Iauaretê expressa espacialmente uma hierarquia de fundamental importância na organização das diferenças e da diversidade ali presentes. Hierarquia que, por sua vez, está referenciada nos mitos, nos ritos e narrativas históricas, os quais especificam as origens e fixação de cada etnia, definem territórios, atribuem significados, revelam códigos de manejo social, econômico, político, ambiental e fundiário, e definem os parâmetros de interação e de convivência social entre elas. Os moradores indígenas da localidade destacam vários pontos no conjunto das pedras da Cachoeira de Iauaretê e suas imediações, locais onde ocorreram fatos marcantes relacionados à criação da humanidade e ao surgimento de suas respectivas etnias. Esses lugares remetem à criação das plantas, dos animais e de tudo o que seria necessário à vida no local e à sobrevivência dos descendentes dos primeiros ancestrais. No processo de Registro estão documentados dezessete desses pontos de referência na Cachoeira de Iauaretê, testemunhos fundamentais da fixação desses grupos naquele território. A localização exata da Cachoeira de Iauaretê possui as seguintes coordenadas: 67574.17 latitude e 4777685.87 longitude. UTM, WGS 84, zona 19 e 0° 36’ 899” N e 69° 12’ 1.953” W. LAT/LONG, Datum WGS 84.”", "categoria": 1, "dt_identificacao": null, "dt_registro": null, "localizacao_especifica": "Município de São Gabriel da Cachoeira/AM. O polígono corresponde à área de ocorrência do bem.", "outra_denominacao": null, "integracao_licen_ambient": true }, "geometry": { "type": "Point", "coordinates": [ -69.19844544121058, 0.603412768599301 ] } },
{ "type": "Feature", "properties": { "id_bem_imaterial": 102, "id_abrangencia_bem_imat": 4, "st_registrado": true, "st_identificado": true, "no_bem_imaterial": "Arte Kusiwa – Pintura Corporal e Arte Gráfica Wajãpi", "ds_bem_imaterial": "Trata-se de um sistema de representação, uma linguagem gráfica dos índios Wajãpi do Amapá, que sintetiza seu modo particular de conhecer, conceber e agir sobre o universo. O sistema gráfico kusiwa opera como um catalisador para a expressão de conhecimentos e de práticas que envolvem desde relações sociais, crenças religiosas e tecnologias até valores estéticos e morais. O excepcional valor desta forma de expressão está na capacidade de condensar, transmitir e renovar – através da criatividade dos desenhistas e narradores – todos os elementos particulares e únicos de um modo de pensar e de estar no mundo, próprio dos Wãjapi do Amapá. A linguagem kusiwa é uma forma de expressão complementar aos saberes transmitidos oralmente, a cada nova geração, e compartilhados por todos os membros do grupo. É um conhecimento que se encontra principalmente nos relatos orais que este grupo indígena continua a transmitir aos seus filhos e que explicam como surgiram as cores, os padrões dos desenhos e as diferenças entre as pessoas. A arte gráfica e a arte verbal dos wajãpi lhes permite agir sobre múltiplas dimensões do mundo: sobre o visível e o invisível, sobre o concreto e sobre o mundo ideal. Não se trata de um saber abstrato e sim de uma prática, que é permanentemente interativa, viva e dinâmica. A arte Kusiwa se expressa em desenhos e pinturas de corpos e objetos, a partir de um repertório definido de padrões gráficos e suas variantes, que representam, de forma sintética e abstrata, partes do corpo ou da ornamentação de animais, como sucuris, jibóias, onças, jabotis, peixes, borboletas; e objetos, como limas de ferro e bordunas. Com denominações próprias, os padrões gráficos podem ser combinados de muitas maneiras diferentes, que não se repetem, mas são sempre reconhecidos pelos Wajãpi como kusiwa. Trata-se de um acervo cultural que se transforma de forma dinâmica, com a inclusão de novos elementos, enquanto outros podem entrar em desuso ou se modificar através de suas variantes. É tradição dos Wajãpi decorar corpos e objetos por prazer estético e desafio criativo. Três tipos de tintas são utilizadas: o vermelho claro, obtido com sementes de urucum amassadas e misturadas com gordura de macaco ou óleo de andiroba; o preto azulado, obtido com a oxidação do suco de jenipapo verde misturado com carvão; e o vermelho escuro é uma laca preparada com diversas resinas de cheiro e urucum. Muitas vezes, essas tintas são aplicadas em justaposição, ou ainda sobrepostas, como, por exemplo, quando os padrões gráficos são pintados com jenipapo sobre uma camada uniforme de urucum aplicada no rosto e em todo o corpo. A pintura corporal é uma atividade do cotidiano, realizada no âmbito familiar. Mulheres pintam seus esposos e vice-versa; as mulheres pintam seus filhos pequenos, após cada banho, sempre renovando as composições de motivos. Em festas, a decoração é mais farta e a pintura é realçada por colares, bandoleiras e adornos de plumária.", "categoria": 0, "dt_identificacao": null, "dt_registro": null, "localizacao_especifica": "Terras Indígenas Wajãpi do Amapá, região delimitada pelos rios Oiapoque, Jari e Araguari (AP)> O polígono corresponde à área de ocorrência nos municípios de Laranjal do Jari(AP), Mazagão (AP) e Pedra Branca do Amapari (AP).", "outra_denominacao": null, "integracao_licen_ambient": true }, "geometry": { "type": "Point", "coordinates": [ -52.879382371040251, 1.09914734230284 ] } },
{ "type": "Feature", "properties": { "id_bem_imaterial": 638, "id_abrangencia_bem_imat": 5, "st_registrado": true, "st_identificado": true, "no_bem_imaterial": "Marabaixo", "ds_bem_imaterial": "O Marabaixo é uma forma de expressão constituída principalmente por canto, música e dança. Vincula-se ao fazer religioso do catolicismo popular praticado predominantemente pelas comunidades negras do estado do Amapá. Costuma ser ofertado às santidades de devoção em agradecimento pelo alcance de uma graça, ainda que não se restrinja a este contexto. Na parte musical, o bem cultural é composto pelos ladrões, como são conhecidos os versos cantados, que expressam os acontecimentos do cotidiano vivenciados individualmente ou pela comunidade, e que são transformados em música e cantados para todos na roda de Marabaixo. A música também é feita com os tambores chamados de caixas, que fornecem a melodia e o ritmo aos ladrões. O outro elemento desta manifestação cultural, a dança, acompanha o toque das caixas e pode seguir uma melodia cadenciada em que os pés saem pouco do chão e os quadris também se movimentam mais lentamente, ou pode seguir ritmos mais agitados, com pequenos saltos ou criações coreográficas. Seguindo os tocadores, cantadores e cantadeiras, o Marabaixo é dançado em círculo, com as dançantes se movimentando em giros ao redor do próprio corpo, rodando as longas saias floridas. O espaço principal para a ocorrência do bem cultural são os barracões, salões que em geral se localizam em torno das casas das famílias, ou, como é comum nas localidades rurais, integram o espaço compartilhado como centro comunitário. Ao universo do bem cultural incluem-se alimentos e bebidas servidas durante as apresentações, como os caldos de carne e legumes e a gengibirra, produzida a partir da cachaça e gengibre. Pode-se compreendê-lo enquanto um conjunto de práticas que rememoram as ancestralidades africanas e que, em especial, acontece no contexto do catolicismo popular, associado às festividades católicas em louvor ao Divino Espírito Santo, à Santíssima Trindade, e a diversos santos de devoção. O Marabaixo, com os gestos e movimentos dos corpos dos praticantes, as sonoridades produzidas, os cantos, os versos, tudo enfim que o compõe, existe em função da teia de relações sociais, familiares, culturais, econômicas, religiosas, políticas, que envolvem a manifestação cultural. O Marabaixo assim, constitui uma constelação de formas de vida local, importantes na vida de comunidades de ascendência africana do Amapá, que não só expressa, mas efetivamente articula os significados da existência individual e coletiva.", "categoria": 0, "dt_identificacao": null, "dt_registro": null, "localizacao_especifica": "A pesquisa realizada em 2013 para a elaboração do Inventário Nacional de Referências Culturais do Marabaixo identificou como lugares de ocorrência do bem cultural algumas áreas urbanas e rurais das cidades de Macapá e Mazagão,especialmente: os bairros do Laguinho e da Favela, oficialmente denominados Julião Ramos e Santa Rita, respectivamente, ambos na cidade de Macapá; o quilombo do Curiaú, também em área urbana de Macapá e o distrito de Mazagão Velho, na cidade de Mazagão. O polígono corresponde aos municípios de Macapá e Mazagão.", "outra_denominacao": null, "integracao_licen_ambient": true }, "geometry": { "type": "Point", "coordinates": [ -51.061693, 0.031505 ] } },
{ "type": "Feature", "properties": { "id_bem_imaterial": 112, "id_abrangencia_bem_imat": 5, "st_registrado": true, "st_identificado": true, "no_bem_imaterial": "Matrizes do Samba no Rio de Janeiro: Partido Alto, Samba de Terreiro e Samba-Enredo", "ds_bem_imaterial": "No começo do século XX, a partir de influências rítmicas, poéticas e musicais do jongo, do samba de roda baiano, do maxixe e da marcha carnavalesca, consolidaram-se três novas formas de samba: o partido alto, vinculado ao cotidiano e a uma criação coletiva baseada em improvisos; o samba-enredo, de ritmo inventado nas rodas do bairro do Estácio de Sá e apropriado pelas nascentes escolas de samba para animar os seus desfiles de Carnaval; e o samba de terreiro, vinculado à quadra da escola, ao quintal do subúrbio, à roda de samba do botequim e aos terreiros de candomblé. Essas matrizes referenciais do samba no Rio de Janeiro distinguem-se de outros subgêneros de samba criados posteriormente e guardam relação direta com os padrões de sociabilidade de onde emergem. Há autoria individual, porém a performance é necessariamente coletiva e se funda em comunidades situadas em áreas populares da cidade do Rio de Janeiro. O improviso é outro aspecto importante dessa dimensão coletiva e ainda se encontra bastante enraizado na prática amadora ou comunitária dessas formas de expressão – está vivo e presente nos quintais dos subúrbios, nas rodas de samba e terreiros dos morros e bairros populares da cidade. \r\nO samba de partido alto, o samba de terreiro e o samba-enredo são expressões cultivadas há mais de 90 anos por essas comunidades. Não são simplesmente gêneros musicais, mas formas de expressão, modos de socialização e referenciais de pertencimento. São também referências culturais relevantes no panorama da música produzida no Brasil. Constituído a partir dessas matrizes, em suas muitas variantes, o samba carioca é uma expressão da riqueza cultural do país e em especial de seu legado africano, constituindo-se em um símbolo de brasilidade em todo o mundo.", "categoria": 0, "dt_identificacao": null, "dt_registro": null, "localizacao_especifica": "Rio de Janeiro - RJ. O ponto e os polígonos correspondem as áreas de ocorrência do bem identificadas nos municípios de Belford Roxo, Nilópolis, Niterói, Nova Iguaçu, Rio de Janeiro, São Gonçalo e São João do Meriti.", "outra_denominacao": null, "integracao_licen_ambient": true }, "geometry": { "type": "Point", "coordinates": [ -43.243579578197895, -22.921426849527492 ] } },
{ "type": "Feature", "properties": { "id_bem_imaterial": 635, "id_abrangencia_bem_imat": 5, "st_registrado": true, "st_identificado": true, "no_bem_imaterial": "Sistema Agrícola Tradicional das Comunidades Quilombolas do Vale do Ribeira", "ds_bem_imaterial": "O Sistema Agrícola Tradicional (SAT) das Comunidades Quilombolas do Vale do Ribeira, localizado no litoral sul do estado de São Paulo, consiste nos saberes e modos de fazer relacionados às práticas agrícolas que essas comunidades mantêm em seus territórios. Algumas dessas práticas remetem a séculos de existência e não dizem respeito somente ao ato de plantar e colher alimentos. Estão relacionadas também às roças de coivara itinerantes, à diversidade das espécies vegetais manejadas, aos métodos e à cultura material relacionada ao preparo dos alimentos, aos arranjos produtivos locais, às redes de troca e comercialização, aos contextos de transmissão de conhecimento e de consumo alimentar que envolvem expressões de música e dança. Portanto, é uma expressão cultural que possui múltiplas dimensões. Os principais cultivares plantados nas roças quilombolas são a mandioca, o milho, o feijão e o arroz. Mas uma série de outras plantas também contribuem para a segurança alimentar. Vale ressaltar que as espécies cultivadas são crioulas, cultivadas e mantidas pelos próprios agricultores e distribuídas por meio de um sistema de trocas que envolve diversas comunidades. Atualmente, são contabilizadas mais de 240 variedades de plantas manejadas nas roças e quintais quilombolas para finalidades alimentares, medicinais e outras (construção de casas e confecção de peças, por exemplo). O cultivo de alimentos foi uma condição para a permanência das comunidades quilombolas nos vales e montanhas mais remotos da região. Ao longo de centenas de anos de interação com o espaço, eles criaram suas formas próprias de organização social, usos e representações do território, marcando a paisagem do Vale do Ribeira, região que abriga cerca de 21% dos remanescentes da Mata Atlântica existentes no Brasil, constituindo a maior área contínua desse ecossistema em todo o País. Esse patrimônio natural é resguardado por 24 unidades de conservação, integrais ou parciais, nas quais se busca preservar as espécies animais e vegetais que compõem a rica biodiversidade local. Embora o sistema agrícola tradicional venha se transformando ao longo do tempo, pode-se dizer que ele é o resultado histórico da experiência das comunidades quilombolas desde o período colonial, e continua a ser o principal meio de vida para muitas famílias.", "categoria": 2, "dt_identificacao": null, "dt_registro": null, "localizacao_especifica": "As comunidades quilombolas das quais tratam este dossiê estão situadas no Vale do Ribeira, região localizada no sudeste do Estado de São Paulo e leste do Estado do Paraná.O sistema agrícola tradicional considerado neste pedido de registro abrange 19 comunidades quilombolas situadas em 6 municípios do Vale do Ribeira: Morro Seco (Iguape); Mandira (Cananéia); Abobral Margem-Esquerda (Eldorado); Poça (Eldorado e Jacupiranga); Pedro Cubas (Eldorado); Pedro Cubas de Cima (Eldorado); Sapátu (Eldorado); André Lopes (Eldorado); Ivaporunduva (Eldorado); Galvão (Eldorado); São Pedro(Eldorado); Nhunguara (Eldorado e Iporanga); Piririca (Iporanga); Maria Rosa (Iporanga);Pilões (Iporanga); Bombas (Iporanga); Praia Grande (Iporanga); Porto Velho (Iporanga); e Cangume (Itaóca). O polígono coincide com a área dos municípios.", "outra_denominacao": null, "integracao_licen_ambient": true }, "geometry": { "type": "Point", "coordinates": [ -48.392368, -24.563287 ] } },
{ "type": "Feature", "properties": { "id_bem_imaterial": 634, "id_abrangencia_bem_imat": 5, "st_registrado": true, "st_identificado": true, "no_bem_imaterial": "Tradições doceiras na região de Pelotas e Antiga Pelotas - Morro Redondo, lturuçu, Capão do Leão e Arroio do Padre, no Estado do Rio Grande do Sul.", "ds_bem_imaterial": "As práticas e os saberes que compõem a tradição de doces finos e a tradição de doces coloniais se desenvolveram no século XIX nos cinco municípios que correspondiam à Antiga Pelotas: a atual cidade de Pelotas, Morro Redondo, lturuçu, Capão do Leão e Arroio do Padre. Os conhecimentos relacionados aos doces envolvem mais do que receitas ou técnicas que, no passado, se ensinavam no âmbito das cozinhas domésticas, entre familiares, agregados e empregados. A produção doceira é parte das transformações sociais da região, conectando diferentes gerações com o ofício a partir das interações culturais e étnicas em que o doce assume diferentes sentidos para as famílias, entre si, e a sociedade, podendo ser dádiva ou produto comercial. Apesar de se tratar de uma área do país que nunca produziu açúcar, o fazer doceiro surgiu inicialmente no núcleo charqueador pelotense, quando a exportação do charque garantiu o intercâmbio com os engenhos de açúcar no nordeste brasileiro.  A tradição de doces finos se desenvolveu no espaço urbano de Pelotas, no interior das casas de famílias abastadas, para as quais o doce era um importante elemento da sociabilidade e de refinamento. Com a crise da principal atividade econômica local, os doces feitos pelas senhoras da elite pelotense e suas cozinheiras, em sua maioria trabalhadoras negras escravizadas e suas descendentes, se tornaram um meio de sustento. Os doces de bandeja passaram a ser vendidos nas portas das igrejas e nas praças da cidade, assim como encomendados para cerimônias de casamento, saraus e festas de cunho religioso. Já a tradição de doces coloniais surgiu na zona rural da Antiga Pelotas, entre famílias de imigrantes europeus que se fixaram na Serra dos Tapes, em pequenas propriedades dedicadas à horticultura e à fruticultura. Logo, os doces de frutas que produziam para o consumo familiar, nos tachos herdados de seus pais, passaram a ser vendidos como produtos da colônia aos moradores das cidades mais próximas e de outros estados. Com o tempo, os doces finos passaram a ser consumidos cotidianamente, e ganharam novos espaços e significados mais amplos, sendo encontrados em confeitarias e em grandes eventos, e também estando presentes em oferendas para os orixás nas casas de religiões de matriz africana da região. Hoje, os doces coloniais são feitos em pequenas manufaturas familiares e em estabelecimentos semi-industriais e industriais. A continuidade das tradições doceiras tem se dado pelas mãos, sobretudo, de mulheres, mas também de homens, oriundos de distintos extratos sociais. Na sua maioria, essas doceiras e doceiros compreendem seu ofício como a continuidade das trajetórias de suas famílias em um tempo ampliado. De modo geral, existe a preocupação entre as famílias de doceiros em preservar o que entendem como modo de fazer tradicional, perpetuando o uso de artefatos, de ingredientes e de técnicas de elaboração dos doces que aprenderam com seus antepassados.", "categoria": 2, "dt_identificacao": null, "dt_registro": null, "localizacao_especifica": "O polígono corresponde aos municípios de Pelotas, Morro redondo, Turuçu, Capão do Leão e Arroio do Padre/ RS.", "outra_denominacao": null, "integracao_licen_ambient": true }, "geometry": { "type": "Point", "coordinates": [ -52.342279, -31.769932 ] } },
{ "type": "Feature", "properties": { "id_bem_imaterial": 110, "id_abrangencia_bem_imat": 5, "st_registrado": true, "st_identificado": true, "no_bem_imaterial": "Frevo", "ds_bem_imaterial": "O Frevo é uma forma de expressão musical, coreográfica e poética, densamente enraizada em Recife e Olinda, no Estado de Pernambuco. Gênero musical urbano, o Frevo surge no final do século 19, no carnaval, em um momento de transição e efervescência social como uma forma de expressão das classes populares na configuração dos espaços públicos e das relações sociais nessas cidades. \r\nAs bandas militares e suas rivalidades, os escravos recém-libertos, os capoeiras, a nova classe operária e os novos espaços urbanos foram elementos definidores da configuração do Frevo. Do repertório eclético das bandas de música, composto por variados estilos musicais, resultaram suas três modalidades, ainda vigentes: Frevo-de-rua, Frevo-de-bloco e Frevo-canção.  Simultaneamente à música, foi-se inventando o passo, isto é, a dança frenética característica do Frevo. Improvisada na rua, liberta e vigorosa, criada e recriada por passistas, a dança de jogo de braços e de pernas é atribuída à ginga dos capoeiristas, que assumiam a defesa de bandas e blocos, ao mesmo tempo em que criavam a coreografia. \r\nProduto desse contexto sócio-histórico singular, desde suas origens, o Frevo expressa um protesto político e uma crítica social em forma de música, de dança e de poesia, constituindo-se em símbolo de resistência da cultura pernambucana e em expressão significativa da diversidade cultural brasileira.", "categoria": 0, "dt_identificacao": null, "dt_registro": null, "localizacao_especifica": "Municípios de Recife e Olinda (PE). O polígono corresponde à área dos dois municípios.", "outra_denominacao": null, "integracao_licen_ambient": true }, "geometry": { "type": "Point", "coordinates": [ -34.887800941303659, -8.057094813095617 ] } },
{ "type": "Feature", "properties": { "id_bem_imaterial": 632, "id_abrangencia_bem_imat": 5, "st_registrado": true, "st_identificado": true, "no_bem_imaterial": "Caboclinho", "ds_bem_imaterial": "Os “Caboclinhos” ou “Caboclinho” são grupos populares de representação da cultura indígena embasados por símbolos e elementos religiosos afro-indígena-brasileiros, que se apresentam principalmente, mas não exclusivamente, durante o Carnaval. A geografia do Caboclinho compreende uma área que vai de Pernambuco ao Rio Grande do Norte e se estende pelos estados de Alagoas, Pernambuco, Paraíba e Rio Grande do Norte, ficando como referência para o Registro, (e em função da pesquisa de campo que subsidiou o Dossiê), a região metropolitana de Recife e a Zona da Mata Norte de Pernambuco. Apesar de suas semelhanças com outras expressões da cultura popular brasileira, como as Tribos de Índios e Torés, constitui-se em um bem cultural especifico, apresentando características estéticas, musicais e dramáticas que reverenciam e enaltecem a figura do caboclo brasileiro. A performance dos caboclinhos ocorre geralmente nas ruas, incluindo dança, música e, em alguns grupos, um recitativo ou drama, podendo essa estrutura variar a partir do tipo de apresentação – no desfile carnavalesco, nos treinos/ensaios, ou nos palcos e apresentações públicas. A dança, cujo movimento básico se denomina “manobra”, é executada pelos participantes, que se apresentam, geralmente, em duas filas, cada um deles portando uma preaca, adereço/instrumento musical, em forma de arco e flecha, também denominado brecha ou flecha. A música apresenta uma sonoridade singular, tanto pelos instrumentos empregados – alguns exclusivos do Caboclinho – quanto pelos aspectos musicais (ritmos, melodias etc), propriamente ditos. Consiste essa música em melodias executadas na gaita – flauta reta, de quatro furos, confeccionada principalmente em alumínio, PVC ou latão –, acompanhada por um membranofone – denominado tarol, surdo ou bombo –, um idiofone de chocalhar, podendo ser um caracaxá ou um ganzá (também denominado por grupos da Zona da Mata Norte de Pernambuco de “mineiro” ou simplesmente “maraca”), além da já mencionada preaca. Alguns grupos utilizam também um atabaque, membranofone de formato cônico ou cilíndrico, executado exclusivamente em um ritmo denominado macumba (ou macumbinha) de índio. A indumentária e os adereços dos caboclinhos são emplumados e ornamentados com muito brilho. Sua confecção pode incluir lantejoulas, miçangas, pedras, lona, veludo, lamê, entre outros tipos de tecidos, além de madeira, cartolina, papelão, papel laminado, cola branca, cola de silicone, gliter, areia prateada de diversas cores, plumas e variados tipos de penas – de ema, faisão, pavão, chichila (parte do rabo do galo composto por penas curtas), entre outras. A vestimenta é constituída por saiote (mulheres usam curto, o homens utilizam na altura dos joelhos), tangas, peitilho, atacas, cocar, diadema (pesam em média de 10 a 15 quilos), sapato ou tênis, estandarte. O uso de gola, fôfa (calça de cetim) e camisa (vestimentas masculinas) foram observadas apenas no grupo Caboclinho Índio Brasileiro, do município de Buenos", "categoria": 0, "dt_identificacao": null, "dt_registro": null, "localizacao_especifica": "A região metropolitana de Recife e a Zona da Mata Norte de Pernambuco. O polígono intercepta os municípios de Camaragibe, Jabotão dos Guararapes, Olinda, Paulista, Recife e São Lourenço da Mata.", "outra_denominacao": null, "integracao_licen_ambient": true }, "geometry": { "type": "Point", "coordinates": [ -34.88864389801541, -8.056102888580977 ] } },
{ "type": "Feature", "properties": { "id_bem_imaterial": 116, "id_abrangencia_bem_imat": 4, "st_registrado": true, "st_identificado": true, "no_bem_imaterial": "Modo de Fazer Renda Irlandesa, tendo como referência este ofício em Divina Pastora/SE", "ds_bem_imaterial": "O modo de fazer Renda Irlandesa se constitui de saberes tradicionais que foram re-significados pelas rendeiras do interior sergipano a partir de fazeres seculares, que remontam à Europa do século XVII, e são associados à própria condição feminina na sociedade brasileira, desde o período colonial até a atualidade. Trata-se de uma renda de agulha que tem como suporte o lacê, cordão brilhoso que, preso a um debuxo ou risco de desenho sinuoso, deixa espaços vazios a serem preenchidos pelos pontos. Estes pontos são bordados compondo a trama da renda com motivos tradicionais e ícones da cultura brasileira, criados e recriados pelas rendeiras. O “saber-fazer” é a qualidade mais característica da produção da Renda Irlandesa, a qual é compartilhada pelas rendeiras sob a liderança de uma mestra reconhecida pelo grupo. As mestras traçam o risco definidor da peça, que é apropriado coletivamente. Fazer Renda Irlandesa é, portanto, uma atividade realizada em conjunto, o que permite conversar, trocar idéias sobre projetos, técnicas e pontos. Neste universo de sociabilidades, são reafirmados sentimentos de pertença e de identidade cultural, possibilitando a transmissão da técnica e o compartilhamento de saberes, valores e sentidos específicos. A cidade de Divina Pastora/SE se tornou o principal pólo da Renda Irlandesa em razão de condições históricas de produção vinculadas à tradição dos engenhos canavieiros, à abolição da escravatura e às\r\nmudanças econômicas que culminaram na apropriação popular do ofício de rendeira, restrito originalmente à aristocracia. Reinventando a técnica, os usos e os sentidos desse saber-fazer, as mulheres de Divina Pastora fizeram dele seu meio de vida.", "categoria": 2, "dt_identificacao": null, "dt_registro": null, "localizacao_especifica": "Município de Divina Pastora (SE). O polígono corresponde à área do município.", "outra_denominacao": null, "integracao_licen_ambient": true }, "geometry": { "type": "Point", "coordinates": [ -37.160655076216827, -10.676129178463986 ] } },
{ "type": "Feature", "properties": { "id_bem_imaterial": 109, "id_abrangencia_bem_imat": 4, "st_registrado": true, "st_identificado": true, "no_bem_imaterial": "Feira de Caruaru", "ds_bem_imaterial": "A Feira de Caruaru, localizada na cidade de Caruaru, estado de Pernambuco, surgiu em uma fazenda situada em um dos caminhos do gado, entre o sertão e a zona canavieira, onde pousavam vaqueiros, tropeiros e mascates. No final do século XVIII, foi construída nesse local a capela de Nossa Senhora da Conceição, ampliando a convergência social e fortalecendo as relações de trocas comerciais em torno do lugar. Assim, a feira cresceu juntamente com a cidade e foi um dos principais motores do seu desenvolvimento social e econômico.\r\nA Feira de Caruaru é um lugar de memória e de continuidade de saberes, de fazeres, de produtos e de expressões artísticas tradicionais que continuam vivos no comércio do gado e dos produtos de couro, nos brinquedos reciclados, nas figuras de barro inventadas por Mestre Vitalino, nas redes de tear, nos utensílios de flandres, no cordel, nas gomas e farinhas de mandioca e nas ervas e raízes medicinais. Sem a dinâmica e o mercado da feira, esses saberes e fazeres já teriam desaparecido.\r\nÉ, por fim, um lugar de socialização, de permanente construção de identidades e de criação e exposição da criatividade popular tanto em seus aspectos tradicionais como em sua capacidade de recriação, invenção e inovação. A Feira de Caruaru são muitas feiras, que podem se transformar ou desaparecer em função das transformações da própria sociedade e da própria cultura. É um lugar de referência viva da história e da cultura do agreste pernambucano, e, de modo mais geral, da cultura nordestina e por isto constitui o Patrimônio Cultural do Brasil.", "categoria": 1, "dt_identificacao": null, "dt_registro": null, "localizacao_especifica": "De acordo com o Dossiê de Registro, a Feira de Caruaru se localiza à Av. Lourival José da Silva, 592, Petrópolis, município de Caruaru (PE). O polígono corresponde à área de ocorrência do bem.", "outra_denominacao": null, "integracao_licen_ambient": true }, "geometry": { "type": "Point", "coordinates": [ -35.974026549396712, -8.290104022574404 ] } },
{ "type": "Feature", "properties": { "id_bem_imaterial": 103, "id_abrangencia_bem_imat": 4, "st_registrado": true, "st_identificado": true, "no_bem_imaterial": "Círio de Nossa Senhora de Nazaré, na cidade de Belém, estado do Pará", "ds_bem_imaterial": "A Festa do Círio de Nossa Senhora de Nazaré, em Belém do Pará, é uma celebração constituída de vários rituais de devoção religiosa e expressões culturais, cujo clímax ocorre na procissão do Círio, no segundo domingo de outubro. Para os paraenses, é o grande momento anual de demonstração de devoção e solidariedade, de reiteração de laços familiares, assim como de manifestação social e política. \r\nO Círio de Nazaré apresenta uma estrutura complexa que agrega diferentes celebrações e festividades antes e depois do evento principal. Essas práticas têm desdobramentos regionais e congregam, anualmente, em torno de um milhão e meio de pessoas na cidade de Belém. Grande parte dessa massa humana vem pagar promessas ou agradecer pedidos realizados. A festa, instituída em 1793, é marcada pelo sentido da rememoração. O Círio de Nazaré reconta, por meio de seu cerimonial religioso, a lenda que envolve o achado, em 1700, da imagem de Nossa Senhora de Nazaré por um caboclo denominado Plácido. Sua duração temporal está associada à permanência da participação popular e à disseminação regional dos devotos, o que torna Belém, todos os anos, um lugar de peregrinação. Destaca-se, contudo, que a celebração, desde a origem, está envolta por práticas profanas, entre elas a montagem de um arraial dedicado historicamente ao comércio de alimentos e produtos regionais. Os elementos sagrados e profanos que marcam a festa configuram uma face múltipla, a que estão associadas diferentes significações decorrentes da diversidade das formas de inserção no evento, da apropriação simbólica e da diferenciação social dos participantes. \r\nA relevância do Círio de Nazaré como manifestação cultural pode ser reconhecida no longo e dinâmico processo que reitera e constrói essa celebração há 211 anos. O objeto do registro foi definido a partir da avaliação da continuidade histórica dessa celebração e de sua análise como tradição que se reitera e atualiza. Assim, foram destacados os elementos estruturantes - aqueles sem os quais o Círio não existiria - e identificadas as expressões associadas à festa, em sua versão contemporânea. Foram considerados elementos estruturantes desta celebração: as procissões da Trasladação e a do Círio; as imagens da santa, a original e a peregrina; a corda e a berlinda; o almoço do Círio; o arraial; as alegorias da procissão do Círio; a feira e os brinquedos de miriti; as cerimônias e a procissão do Círio.", "categoria": 3, "dt_identificacao": null, "dt_registro": null, "localizacao_especifica": "A localização de referência do Círio de Nazaré é a Basílica de Nossa Senhora de Nazaré, município de Belém (PA). O município de Ananindeua é considerado como localidade de entorno, visto que a imagem da Virgem de Nazaré pernoita uma noite nesse município e é de lá que sai a procissão. O polígono corresponde às áreas de ocorrências identificadas nos municípios de Ananindeua e Belém.", "outra_denominacao": null, "integracao_licen_ambient": true }, "geometry": { "type": "Point", "coordinates": [ -48.481037238110112, -1.452631951716049 ] } },
{ "type": "Feature", "properties": { "id_bem_imaterial": 125, "id_abrangencia_bem_imat": 3, "st_registrado": true, "st_identificado": true, "no_bem_imaterial": "Rtixòkò: expressão artística e cosmológica do Povo Karajá", "ds_bem_imaterial": "As Bonecas Karajá, denominadas na língua nativa ritxòkò (na fala feminina) e/ou ritxòò (na fala masculina), condensam  e expressam imprtantes aspectos da identidade para o povo karajá (ou Iny), habitante do Parque Nacional do Araguaia, localizado à margens do rio que dá nome à reserva indígena. Desde o século XVIII, o Rio Araguaia é via usual para navegação e desempenha, ainda hoje, papel relevante como parte do sistema fluvial Araguaia-Tocantins, que mantém em comunicação regular as regiões do Brasil Central e Amazônica. Nesse contexto, para além do contato com outros povos designados como indígenas, é grande o número de turistas e colecionadores que adentram a região, sobretudo durante a temporada de praias do Rio Araguaia, entre os meses de julho e setembro. A gente de fora valoriza o artesanato indígena e contribui para consolidar o florescimento da arte cerâmica a partir de um comércio exigente e frequente. Assim, é entre a conformidade aos padrões do que tem sido considerada a cultura Karajá propriamente dita e o desejo de corresponder às exigências dos contatos interétnicos cada vez mais estreitos, que as ceramistas materializam, no barro, aspectos mitológicos, rituais, cotidianos da gente Iny. É especialmente de seu universo de sentidos que a ceramista retira aspectos e elementos a serem explorados nesta arte figurativa, incorporando nas figuras de barro a pitura corporal dos Karajá, além de peças de vestuário e adorno consideradas tradicionais. Indicativos de categorias de gênero, idade e estatuto social, esses adereços complementam a representação figurativa das bonecas, que identificam o Karajá homem ou mulher, jovem ou velho, solteiro ou casado, com todos os atributos que a cultura criou para distinguir convencionalmente essas categorias. As ceramistas aplicam os garfismos em padrões básicos e derivados por meio de combinações diversas que alinham a repetição, o entrecruzamento de linhas e sua distribuição nas peças. Entre os padrões mais comuns (re)produzidos nas Bonecas Karajá encontram-se as listras e faias pretas usadas, principalmente, pelos mais velhos nos braços e nas pernas, o Haru, padrão composto por losangos (isolados ou circunscrevendo linhas paralelas ou triângulos pretos), o Wedé-wedé, padrão composto por pontos, o Itxalabu,  busto preto utilizado na pintura cirporal masculina, e o Koé-koé, nome dado à grega e suas variantes,utilizado indistintamente por homens e mulheres de diferentes idades. As figuras cerâmicas atualmente comercializadas são representativas de outras categorias que se sobrepõem às de gênero e idade e que acompanham, igualmente, as etapas do ciclo da vida e morte Karajá.", "categoria": 0, "dt_identificacao": null, "dt_registro": null, "localizacao_especifica": "Terra Indígena Karajá (TO e GO), principalmente as Aldeias de Buridina e Bdè-Burué (Aruanã - GO) e Santa Isabel do Morro (Ilha do Bananal - TO). O polígono corresponde à área de ocorrência identificada nos municípios de Aruanã/GO; Formoso do Araguaia/TO, Lagoa da Confusão/TO e Pium/TO.", "outra_denominacao": null, "integracao_licen_ambient": true }, "geometry": { "type": "Point", "coordinates": [ -50.322500892659292, -11.535255534151435 ] } },
{ "type": "Feature", "properties": { "id_bem_imaterial": 117, "id_abrangencia_bem_imat": 3, "st_registrado": true, "st_identificado": true, "no_bem_imaterial": "Toque dos Sinos em Minas Gerais, tendo como referência São João dei-Rei e as cidades de Ouro Preto, Mariana, Catas Altas, Congonhas do Campo, Diamantina, Sabará, Serro e Tiradentes", "ds_bem_imaterial": "Toque dos Sinos em Minas Gerais - tendo como referência São João Del Rei e as cidades de Ouro Preto, Mariana, Catas Altas, Congonhas do Campo, Diamantina, Sabará, Serro e Tiradentes - constitui uma forma de expressão que associa os sinos, o espaço onde estão instalados – as torres-, os sineiros e a comunidade que os ouve em um processo de codificação e decodificação de mensagens há muito tempo transmitidas nas cidades de Minas Gerais.\r\n\r\nEssa forma de expressão, que associa a estrutura dos toques à ocasião religiosa em que devem ser tocados, contribui para o agenciamento de formas de sociabilidade, originalmente, relacionados à vida religiosa daquelas comunidades, mas que, hoje, ultrapassa essa dimensão, abrangendo sentidos e significados relacionados à sua identidade cultural. O Toque dos Sinos em Minas Gerais foi inscrito no Livro das Formas de Expressão, em 2009.\r\nÉ produzido pela percussão dos sinos das igrejas católicas, para anunciar rituais religiosos e celebrações, como festas de santos e padroeiros, Semana Santa, Natal, casamentos, batizados, atos fúnebres e marcação das horas, entre outras comunicações de interesse coletivo. Essa prática, reiterada cotidianamente, especialmente em São João del Rei, tem sido sustentada por irmandades religiosas leigas, que se constituíram junto a essas cidades durante o ciclo do ouro, e que se responsabilizam, desde então, pelos ofícios litúrgicos oferecidos à população, dentre estes, o de tocar os sinos.\r\n\r\nOnde as irmandades deixaram de existir, o toque dos sinos ainda se mantém como atividade afetiva, lúdica e devocional de sineiros voluntários, pois, em geral, não há envolvimento da Igreja com o toque dos sinos. Em contrapartida, naquelas cidades onde a presença desses sodalícios foi maior, o enraizamento da prática sineira é mais forte. Particularmente em São João del Rei e em Ouro Preto, ainda se conservam diversos toques que existiam em antigas vilas e cidades da América portuguesa, atestando a continuidade histórica de suas expressões na memória coletiva das comunidades identificadas, que ainda hoje são capazes de decodificar a linguagem dos sinos e de entender seus significados.\r\nUma forte influência da matriz cultural africana se faz presente na forma como os sinos eram e são tocados. Em Minas Gerais o barroco permanece, não apenas como estilo e expressão artística dominante no patrimônio cultural do estado, mas, ainda, como uma espécie de ethos ou visão de mundo que marca as cidades do ciclo do ouro e a expressão contemporânea do toque dos sinos. Esta, por sua vez, envolve uma complexa rede de relações entre irmandades, liturgia católica, religiosidade popular, musicalidade e sineiros, aos quais cabe a missão de manter e transmitir seus conhecimentos, habilidades e repertório de toques às novas gerações.\r\nO toque dos sinos é expressão reveladora da identidade das cidades inventariadas e da diversidade cultural brasileira.", "categoria": 0, "dt_identificacao": null, "dt_registro": null, "localizacao_especifica": "Os polígonos correspondem às áreas de ocorrência do bem identificadas nos municípios de São João Del Rei, Ouro Preto, Sabará, Mariana, Serro, Congonhas, Catas Altas, Diamantina e Tiradentes (MG).", "outra_denominacao": null, "integracao_licen_ambient": true }, "geometry": { "type": "Point", "coordinates": [ -43.809066401735954, -19.889476492941878 ] } },
{ "type": "Feature", "properties": { "id_bem_imaterial": 126, "id_abrangencia_bem_imat": 3, "st_registrado": true, "st_identificado": true, "no_bem_imaterial": "Fandango Caiçara", "ds_bem_imaterial": "O Fandango Caiçara é uma expressão musical-coreográfica-poética e festiva, cuja área de ocorrência abrange o litoral sul do estado de São Paulo e o litoral norte do estado do Paraná. Atualmente, os municípios em que podemos encontrar o Fandango Caiçara são Iguape e Cananéia, no estado de São Paulo, e Guaraqueçaba, Paranaguá e Morretes, no estado do Paraná, estendendo-se a pequenos trechos de municípios adjacentes como Paruíbe e Ilha Comprida, em São Paulo. Essa forma de expressão possui uma estrutura bastante complexa e se define em um conjunto de práticas que perpassam o trabalho, o divertimento, a religiosidade, a música e a dança, prestígios e rivalidades, saberes e fazeres. O Fandango Caiçara se classifica em batido e bailado ou valsado, cujas diferenças se definem pelos instrumentos utilizados, pela estrutura musical, pelos versos e toques.\r\n\r\nNos bailes, como são conhecidos os encontros onde há fandango, se estabelecem redes de trocas e diálogos entre gerações, intercâmbio de instrumentos, afinações, modas e passos viabilizando a manutenção da memória e da prática das diferentes músicas e danças. O fandango caiçara é uma forma de expressão profundamente enraizada no cotidiano das comunidades caiçaras, um espaço de reiteração de sua identidade e determinante dos padrões de sociabilidade local.\r\n\r\nArticulando expressões coreográficas, musicais e poéticas, o Fandango Caiçara encontrado entre os litorais de São Paulo e Paraná se configura por um conjunto de práticas que passam pelo trabalho e divertimento, música e dança, prestígios e rivalidades. O fandango tal qual é vivenciado atualmente nesta região é resultado de um específico processo histórico-social consolidado, sobretudo, a partir do final do século XIX, com a formação dos núcleos de povoamento chamados de “sítios”. A partir dos modos de vida configurados nestes espaços, o fandango adquiriu seus contornos, estando ligado a atividades rurais baseadas na roça, na pesca e no extrativismo.\r\nO fandango para estes “sitiantes-caiçaras”, se apresentava como o espaço da “reciprocidade”, onde o “dar-receber-retribuir” constituía a base de suas socialidades, marcada pelas dimensões familiares, de compadrio e vizinhança. Deve-se salientar que para as comunidades rurais e de pescadores estabelecidas neste território, o lugar do fandango em suas vidas sociais e lúdicas além de estar ligado à organização do trabalho comunitário - o mutirão – relacionava-se também, a todo conjunto de laços de sociabilidade produzidos na região. De casamentos e batismos, festas de santos padroeiros e aniversários, até alianças de ajuda mútua e compadrios, observa-se dinâmicas sociais marcadas e conduzidas pelas cadências do fandango. De certo modo, a lógica do mutirão acompanhava as diferentes configurações deste fazer fandango, e, nesse contexto, de fato as divisões entre trabalho e divertimento sempre foram tênues.", "categoria": 0, "dt_identificacao": null, "dt_registro": null, "localizacao_especifica": "Guaraqueçaba, Paranaguá e Morretes - PR\r\nIguape, Cananéia - SP", "outra_denominacao": null, "integracao_licen_ambient": true }, "geometry": { "type": "Point", "coordinates": [ -48.095397860670829, -25.288640637788269 ] } },
{ "type": "Feature", "properties": { "id_bem_imaterial": 106, "id_abrangencia_bem_imat": 2, "st_registrado": true, "st_identificado": true, "no_bem_imaterial": "Ofício das Baianas de Acarajé", "ds_bem_imaterial": "É a prática tradicional de produção e venda, em tabuleiro, das chamadas comidas de baiana, feitas com azeite de dendê e ligadas ao culto dos orixás, amplamente disseminadas na cidade de Salvador, Bahia. Dentre as comidas de baiana destaca-se o acarajé, bolinho de feijão fradinho preparado de maneira artesanal, na qual o feijão é moído em um pilão de pedra (pedra de acarajé), temperado e posteriormente frito no azeite de dendê fervente. Sua receita tem origens no Golfo do Benim, na África Ocidental, tendo sido trazida para o Brasil com a vinda de escravos dessa região.  A atividade de produção e comércio é predominantemente feminina, e encontra-se nos espaços públicos de Salvador, principalmente praças, ruas, feiras da cidade e orla marítima, como também nas festas de largo e outras celebrações que marcam a cultura da cidade. A indumentária das baianas, característica dos ritos do candomblé, constitui também um forte elemento de identificação desse ofício, sendo composta por turbantes, panos e colares de conta que simbolizam a intenção religiosa das baianas. Os bolinhos de feijão fradinho, destituídos do recheio utilizado para o comércio, são, inclusive atualmente, oferecidos nos cultos às divindades do candomblé, especialmente a Xangô e Oiá (Iansã).  A produção do acarajé e das outras comidas no universo religioso do candomblé é uma das razões pela qual a receita do acarajé se mantém sem muitas alterações, visto que há uma série de cuidados com a preparação do alimento que é ofertado aos orixás e que, mesmo como produto comercializado para o público em geral mantém o seu elo de comunicação simbólica com as divindades. Para sua comercialização são utilizados vatapá, caruru e camarão seco como recheio e o tabuleiro no qual é vendido também é composto por outros quitutes tais como abará, passarinha (baço bovino frito), mingaus, lelê, bolinho de estudante, cocadas, pé de moleque e outros. Os aspectos referentes ao Ofício das Baianas de Acarajé e sua ritualização compreendem: o modo de fazer as comidas de baianas, com distinções referentes à oferta religiosa ou à venda informal em logradouros soteropolitanos; os elementos associados à venda como a indumentária própria da baiana, a preparação do tabuleiro e dos locais onde se instalam; os significados atribuídos pelas baianas ao seu ofício e os sentidos atribuídos pela sociedade local e nacional a esse elemento simbólico constituinte da identidade baiana. A feitura das comidas de baiana constitui uma prática cultural de longa continuidade histórica, reiterada no cotidiano dos ritos do candomblé e constituinte de forte fator de identidade na cidade de Salvador.", "categoria": 2, "dt_identificacao": null, "dt_registro": null, "localizacao_especifica": "O ponto e os polígonos correspondem as áreas de ocorrência do bem identificadas nos municípios de Madre de Deus/BA, Nazaré/BA, Salvador/BA, Niterói/RJ, São Gonçalo/RJ, Rio de Janeiro/RJ, Araras/SP, Guarulhos/SP, Hortolândia/SP, Jundiaí/SP, Sorocaba/SP e São Paulo/SP.", "outra_denominacao": null, "integracao_licen_ambient": true }, "geometry": { "type": "Point", "coordinates": [ -38.511721862654404, -12.973720558652506 ] } },
{ "type": "Feature", "properties": { "id_bem_imaterial": 113, "id_abrangencia_bem_imat": 4, "st_registrado": true, "st_identificado": true, "no_bem_imaterial": "Modo artesanal de fazer Queijo de Minas, nas regiões do Serro e das serras da Canastra e do Salitre/Alto Parnaíba", "ds_bem_imaterial": "A produção artesanal do queijo de leite cru nas regiões serranas de Minas Gerais representa até hoje uma alternativa bem sucedida de conservação e aproveitamento da produção leiteira regional, em áreas cuja geografia limita o escoamento dessa produção. O modo artesanal de fazer queijo constitui um conhecimento tradicional e um traço marcante da identidade cultural dessas regiões. Cada uma delas forjou um modo de fazer próprio, expresso na forma de manipulação do leite, dos coalhos e das massas, na prensagem, no tempo de maturação (cura), conferindo a cada queijo aparência e sabor específicos. Nessa diversidade constituem aspectos comuns o uso de leite cru e a adição do pingo, um fermento láctico natural, recolhido a partir do soro que drena do próprio queijo e que lhe transfere as características específicas, condicionadas pelo tipo de solo, pelo clima e pela vegetação de cada região. O modo próprio de fazer queijo de Minas sintetiza, no queijo do Serro, no queijo da Canastra, no queijo do Salitre ou Alto Paranaíba, ou ainda Cerrado, um conjunto de experiências, símbolos e significados que definem a identidade do mineiro, reconhecida por todos os brasileiros. Por se tratar de um modo de fazer enraizado na comunidade mineira, o Modo Artesanal de fazer Queijo de Minas é considerado Patrimônio Cultural do Brasil sendo assim, o quarto bem registrado no Livro de Registro dos Saberes.", "categoria": 2, "dt_identificacao": null, "dt_registro": null, "localizacao_especifica": "Região de Serro, Serras da Canastra e Alto Parnaíba. Os polígonos representam os municípios interceptados.", "outra_denominacao": null, "integracao_licen_ambient": true }, "geometry": { "type": "Point", "coordinates": [ -46.115898526721416, -19.039998067669842 ] } },
{ "type": "Feature", "properties": { "id_bem_imaterial": 631, "id_abrangencia_bem_imat": 4, "st_registrado": true, "st_identificado": true, "no_bem_imaterial": "Romaria de Carros de Bois da Festa do Divino Pai Eterno de Trindade/GO", "ds_bem_imaterial": "A Romaria de Carros de Boi da Festa do Divino Pai Eterno de Trindade é uma celebração específica, uma peregrinação realizada com carros de boi e em devoção ao Divino Pai Eterno que acontece no contexto da Festa de Trindade, município do estado de Goiás. A devoção ao Divino Pai Eterno se iniciou nessa localidade por volta de 1840, quando um casal encontrou um medalhão entalhado com a imagem da Santíssima Trindade. Desde essa época é comum pessoas peregrinarem até a região e até hoje nos dias da Festa ocorre um grande afluxo de pessoas para Trindade no período de festejos ao Divino. A Romaria de Carros de Bois da Festa de Trindade, especificamente, está relacionado às antigas práticas cotidianas da vida rural de se locomover por meio de carros de bois para viagens de longa distância, quando se usava carros de boi como principal transporte. Se antes peregrinar para Trindade usando carros de bois era uma das únicas possibilidades de realização do trajeto, hoje permanece como uma tradição cultural, reiterada no convívio familiar por sua representatividade como uma antiga vivência dos homens e mulheres do campo. A Romaria de Carros de Bois tem seu epicentro em Trindade, mas se origina em diversas cidades no estado de Goiás e estados próximos, se irradiando, principalmente, pelo mapa do centro-oeste e sudeste brasileiro. Os romeiros carreiros são uma comunidade composta por grupos familiares de trabalhadores rurais, cada um se dirigindo a Trindade no carro de bois de sua família. Tem na vivência familiar um dos principais sentidos dados à Romaria de Carros de Bois e a fé no Divino Pai Eterno tem um forte enraizamento na devoção e nos costumes familiares passados de geração em geração. A Festa se encerra no primeiro domingo de julho e diversas atividades são realizadas nos dias que antecedem sua finalização; e tanto a Festa quanto a Romaria de Carros de Bois são realizadas em devoção ao Divino Pai Eterno, a figura do Pai na Santíssima Trindade. Entre os bens associados à Romaria de Carros de Bois do Divino Pai Eterno de Trindade, encontra-se a própria Festa de Trindade, os saberes e práticas dos construtores carpinteiros de carros de bois; os saberes e práticas associadas à escultura/entalhe de esculturas votivas e à confecção de ex-votos; e os lugares sagrados e de referência em Trindade, como a Igreja do Divino Pai Eterno, entre outros.", "categoria": 3, "dt_identificacao": null, "dt_registro": null, "localizacao_especifica": "Município de Trindade/GO. Os polígonos correspondem às áreas de ocorrência do bem.", "outra_denominacao": null, "integracao_licen_ambient": true }, "geometry": { "type": "Point", "coordinates": [ -49.491694485323819, -16.655501323857948 ] } },
{ "type": "Feature", "properties": { "id_bem_imaterial": 118, "id_abrangencia_bem_imat": 3, "st_registrado": true, "st_identificado": true, "no_bem_imaterial": "Ofício de Sineiro", "ds_bem_imaterial": "O Ofício de Sineiro, tendo como referência as cidades de São João del-Rei, Ouro Preto, Mariana, Catas Altas, Congonhas do Campo, Diamantina, Sabará, Serro e Tiradentes, em Minas Gerais, é uma prática tradicional, vinculada ao ato de tocar os sinos das igrejas católicas para anunciar rituais e celebrações religiosas, atos fúnebres e marcação das horas, entre outras comunicações de interesse coletivo. A tradição do toque dos sinos, eminentemente masculina, se mantém viva nessas cidades como referência de identidade cultural da população local, e como atividade afetiva, lúdica e devocional de sineiros voluntários e profissionais. A estrutura, composição e o saber tocar sinos estão na memória e na habilidade dos sineiros, que conhecem de cor um repertório não escrito de toques, constituídos de pancadas, badaladas e repiques (executados com o sino paralisado) e de dobres ( executados com o sino em movimento), adequados às ocasiões festivas ou fúnebres. Os sineiros são, portanto, os detentores e os responsáveis pela reiteração e transmissão da habilidade e do conhecimento requeridos por essa forma de expressão e do seu repertório, pois essa prática não se aprende na escola. É aprendizado que requer observação, envolvimento e dedicação desde a infância, quando os meninos, que não têm acesso às torres, começam a reproduzir os sons dos campanários em panelas, postes, enxadas, picaretas e em tudo o mais que possa servir como objeto de percussão. Em geral, a partir da adolescência, eles passam a frequentar as torres das igrejas para ouvir, ver e acompanhar a execução dos toques. Aos domingos, na cidade de São João del-Rei, há a chamada Via Sacra quando os aprendizes de sineiros percorrem as torres das principais igrejas da cidade para aprender e, ocasionalmente, tocar os sinos. Outra característica da formação dos sineiros está na profunda relação que costumam manter com bandas, orquestras, liras, escolas de samba e outros espaços de expressão da musicalidade, seja popular ou erudita. É possível, pelo toque, identificar um sineiro. A atividade de sineiro é uma prática e uma arte que envolve criação e aprimoramento dos toques, indo além, portanto, da mera repetição de um repertório. Sineiros experientes podem criar adereços para os sinos e novas técnicas que são incorporadas ao seu trabalho, como é o caso da colocação de um gancho entre o badalo e a corda. Esta inovação, em especial, proporcionou significativa valorização do toque dos sinos e destaque a seus praticantes. Os sineiros -se autoclassificam como antigos sineiros -aqueles que tocam os sinos esporadicamente e são chamados para esclarecer dúvidas; jovens sineiros -os que tocam os sinos no dia-a-dia; zeladores sineiros -os que devem dar condição aos jovens sineiros de executar a sua tarefa e tocar os sinos quando estes não conseguem; e mestres sineiros -os sineiros já falecidos que fazem parte da história da localidade e são referências desse saber e do seu oficio.", "categoria": 2, "dt_identificacao": null, "dt_registro": null, "localizacao_especifica": "Os polígonos correspondem às áreas de ocorrência do bem identificadas nos municípios de São João Del Rei, Ouro Preto, Sabará, Mariana, Serro, Congonhas, Catas Altas, Diamantina e Tiradentes (MG).", "outra_denominacao": null, "integracao_licen_ambient": true }, "geometry": { "type": "Point", "coordinates": [ -43.510151641382571, -20.383607267133865 ] } },
{ "type": "Feature", "properties": { "id_bem_imaterial": 107, "id_abrangencia_bem_imat": 3, "st_registrado": true, "st_identificado": true, "no_bem_imaterial": "Jongo no Sudeste", "ds_bem_imaterial": "O jongo é uma forma de expressão afro-brasileira que integra percussão de tambores, dança coletiva e práticas de magia. É praticado nos quintais das periferias urbanas e em algumas comunidades rurais do sudeste brasileiro. Acontece nas festas de santos católicos e divindades afro-brasileiras, nas festas juninas, nas festas do Divino, no 13 de maio da abolição da escravatura. É uma forma de louvação aos antepassados, consolidação de tradições e afirmação de identidades. Tem suas raízes nos saberes, ritos e crenças dos povos africanos, principalmente os de língua bantu. São sugestivos dessas origens o profundo respeito aos ancestrais, a valorização dos enigmas cantados e o elemento coreográfico da umbigada. No Brasil, o jongo consolidou-se entre os escravos que trabalhavam nas lavouras de café e cana-de-açúcar, no sudeste brasileiro, principalmente no vale do Rio Paraíba. Trata-se de uma forma de comunicação desenvolvida no contexto da escravidão e que serviu também como estratégia de sobrevivência e de circulação de informações codificadas sobre fatos acontecidos entre os antigos escravos por meio de pontos que os capatazes e senhores não conseguiam compreender. O Jongo sempre esteve, assim, em uma dimensão marginal onde os negros falam de si, de sua comunidade, através da crônica e da linguagem cifrada. É também conhecido pelos nomes de tambu, batuque, tambor e caxambu, dependendo da comunidade que o pratica.  Os tambores, feitos a partir de troncos de madeira e couro animal, são elementos centrais no jongo, sempre reverenciados pelos jongueiros. Os instrumentos musicais que acompanham os jongueiros podem variar de um grupo para outro, frequentemente incluindo dois ou três tambores chamados de tambu e candongueiro ou de caxambu e cadogueiro. Em alguns casos é utilizado também um tambor de fricção – uma espécie de cuíca de grandes dimensões conhecida como puíta ou angoma puíta. Enquanto elementos de ligação com as entidades do mundo espiritual, os tambores são respeitados na roda de jongo como verdadeiros representantes dessas entidades. Os tambores expressam também a conexão do jongo com outras manifestações afro-brasileiras, como a umbanda e o candomblé. Iniciado o toque dos tambores, forma-se uma roda de dançarinos que cantam em coro, respondendo ao solo de um deles. Os tambores e os batuqueiros estão sempre na roda ou perto dela. São várias as maneiras de se dançar o jongo. Sozinhos ou em pares os praticantes vão ao centro da roda, dançam até serem substituídos por outros jongueiros. Muitas vezes nota-se, no momento da substituição, o elemento coreográfico da umbigada. Um dos elementos mais marcantes do jongo é o ponto, que expressa um denso arsenal mito-poético contido na prática jongueira. Os conhecimentos acerca dos pontos e seus mistérios são passados de geração em geração para os novos jongueiros.", "categoria": 0, "dt_identificacao": null, "dt_registro": null, "localizacao_especifica": "Região do Sudeste brasileiro. Sendo um bem Regional, sem detenção hegemônica do bem por qualquer estado, o ponto é meramente ilustrativo na Superintendência do Iphan no Rio de Janeiro. Os municípios identificados no momento do Registro foram: Rio de Janeiro, Miracema, Santo Antônio de Pádua; Quissamã; Valença, Barra do Piraí, Pinheral, Angra dos Reis, Campos, Porciúncula, no estado do Rio de Janeiro. Cunha, Piquete, Guaratinguetá, Lagoinha, São Luís do Paraitinga, São José dos Campos, no estado de São Paulo. São Mateus, Conceição da Barra e Presidente Kennedy, no estado do Espírito Santo. Carangola, no estado de Minas Gerais.", "outra_denominacao": null, "integracao_licen_ambient": true }, "geometry": { "type": "Point", "coordinates": [ -43.179144, -22.899885 ] } },
{ "type": "Feature", "properties": { "id_bem_imaterial": 121, "id_abrangencia_bem_imat": 4, "st_registrado": true, "st_identificado": true, "no_bem_imaterial": "Sistema Agrícola Tradicional do Rio Negro", "ds_bem_imaterial": "O Sistema Agrícola Tradicional do Rio Negro é entendido como um conjunto estruturado, formado por elementos interdependentes: as plantas cultivadas, os espaços, as redes sociais, a cultura material, os sistemas alimentares, os saberes, as normas e os direitos. Sua inscrição no Livro de Registro dos Saberes foi realizada em 2010. As especificidades do sistema são as riquezas dos saberes, a diversidade das plantas, as redes de circulação, a autonomia das famílias, a sustentabilidade do modo de produzir que garante a conservação da floresta.\r\nEsse bem cultural está ancorado no cultivo da mandioca brava (manihot esculenta) e apresenta como base social os mais de 22 povos indígenas, representantes das famílias linguísticas Tukano Oriental, Aruak e Maku (não identificadas), localizados ao longo do rio Negro em um território que abrange os municípios de Barcelos, Santa Isabel do Rio Negro e São Gabriel da Cachoeira, no Estado do Amazonas, até a fronteira do Brasil com a Colômbia e com a Venezuela.\r\nEsse bem cultural acontece em um contexto multiétnico e multilinguístico em que os grupos indígenas compartilham formas de transmissão e circulação de saberes, de práticas, de serviços ambientais e de produtos. É possível identificá-lo, uma vez que ele é elaborado constantemente pelas pessoas que o vivenciam.\r\nO sistema ocorre em condições de baixa pressão demográfica e implica na diferenciação de, no mínimo, três unidades: roças de primeiro ciclo de plantio da mandioca, roças de segundo ciclo com mandioca que serão progressivamente enriquecidas com fruteiras (sistemas agroflorestais) e capoeira. Essa prática de agricultura de queima e pousio é fundamental para esse sistema, pois daí advém seu caráter sustentável e de invisibilidade diante do manejo do agronegócio no Brasil, onde a paisagem é marcada por extensas plantações de monocultura. A agricultura de coivara é destinada ao consumo familiar e à venda de produtos em pequena escala, sendo uma prática eminentemente feminina.\r\nOs espaços fundamentais, nesse sistema, são os arredores da casa de forno ou casa de farinha e/ou espaços perto da casa, pois é neles onde ocorre a experimentação de novas variedades de planta e o processamento de mandioca em seus vários produtos. Ainda que a mandioca seja o principal objeto do sistema, outras espécie são cultivadas, especialmente as que garantem benefícios ao cultivo daquela. Nisto é também importante a diversidade garantida pela rede de trocas de mudas entre as etnias envolvidas, imprescindível ao melhoramento genético das plantas.\r\nQuanto aos sistemas alimentares, a alimentação tradicional da região do rio Negro é baseada no consumo do peixe e da mandioca, ainda que haja mudança de hábitos dados os novos contextos urbanos e religiosos.", "categoria": 2, "dt_identificacao": null, "dt_registro": null, "localizacao_especifica": "Municípios de Barcelos, Santa Isabel do Rio Negro e São Gabriel da Cachoeira e Barcelos (AM). O polígono corresponde à área dos municípios e o ponto, ao centróide deste polígono.", "outra_denominacao": null, "integracao_licen_ambient": true }, "geometry": { "type": "Point", "coordinates": [ -65.85360394770251, -0.291733636828357 ] } },
{ "type": "Feature", "properties": { "id_bem_imaterial": 124, "id_abrangencia_bem_imat": 3, "st_registrado": true, "st_identificado": true, "no_bem_imaterial": "Saberes e Práticas Associados aos Modos de Fazer Bonecas Karajá", "ds_bem_imaterial": "Os Saberes e Práticas Associados ao modo de fazer Bonecas Karajá são uma referência cultural significativa para o povo Karajá, habitante do Parque Nacional do Araguaia,localizado às margens do rio que dá nome à reserva indígena. O Rio Araguaia é o principal referencial que demarca o espaço cósmico e social desse grupo étnico e o depositário e transportador da argila que forma os barreiros. Esses modos de fazer representam, muitas vezes, a única ou a mais importante fonte de renda das famílias. Atualmente, a confecção dessas figuras de cerâmica, denominadas na língua nativa de ritxòkò (na ala feminina) e/ou ritxòò (na ala masculina), é uma atividade exclusiva das mulheres e envolve técnicas e modos de fazer considerados tradicionais e transmitidos de geração em geração.\r\nO processo de confecção envolve o uso de três matérias-primas básicas: a argila ou o barro – suù, que é a matéria-prima principal; a cinza – que funciona como antiplástico; a água utilizada para umedecer a mistura proveniente do barro e da cinza. Apesar de guardar algumas especificidades conforme as aldeias de Santa Isabel do Morro ou de Buridina, pode-se dizer que o modo de fazer ritxòkò consiste, basicamente, nas seguintes etapas: 1) extração do barro; 2) preparação do barro; 3) modelagem das figuras; 4) queima; 5) pintura. A pintura e a decoração das cerâmicas    estão associadas, respectivamente, à pintura corporal dos Karajá e às peças de vestuário e adorno consideradas tradicionais. Indicativos de categorias de gênero, idade e estatuto social, a pintura e os adereços complementam a representação figurativa das bonecas, que identificam então “o Karajá” homem ou mulher, solteiro ou casado, com todos os atributos culturais que sociedade cria para distinguir convencionalmente essas categorias.  O processo (criativo) de produção das ritxòkò  ocorre por meio de um jogo de elaboração e variação de formas e conteúdos determinado por uma série de fatores, como a experiência, a habilidade técnica e a preferência estética da ceramista pela combinação dos motivos temáticos e dos diversos padrões de grafismo aplicados, a função do objeto, o acesso às matérias-primas e a disponibilidade de recursos financeiros para a compra de materiais, a exigência do mercado interno e/ou externo às aldeias, entre outros. Mais do que objetos meramente lúdicos, as ritxòkò são consideradas representações culturais que comportam significados sociais profundos, reproduzindo o ordenamento sociocultural e familiar dos Karajá. Com motivos mitológicos, de rituais, da vida cotidiana e da fauna, as bonecas karajá são importantes instrumentos de socialização das crianças que se vêem nesses objetos e aprendem a ser Karajá, bem como os ensinamentos, as técnicas e saberes associados à sua confecção e usos. Por representarem cenas do cotidiano e dos ciclos rituais, elas portam e articulam sistemas de significação da cultura Karajá e, dessa forma, são também lócus de produção e comunicação dos seus valores.", "categoria": 2, "dt_identificacao": null, "dt_registro": null, "localizacao_especifica": "Terra Indígena Karajá nos estados de Tocantins e Goiás, principalmente nas Aldeias Buridina e Bdè-Burè (Aruanã - GO) e aldeia Santa Isabel do Morro (Ilha do Bananal - TO). O polígono corresponde à área de ocorrência identificada nos municípios de Aruanã/GO; Formoso do Araguaia/TO, Lagoa da Confusão/TO e Pium/TO.", "outra_denominacao": null, "integracao_licen_ambient": true }, "geometry": { "type": "Point", "coordinates": [ -50.322500892659292, -11.793482013176702 ] } },
{ "type": "Feature", "properties": { "id_bem_imaterial": 104, "id_abrangencia_bem_imat": 4, "st_registrado": true, "st_identificado": true, "no_bem_imaterial": "Samba de Roda do Recôncavo Baiano", "ds_bem_imaterial": "O Samba de Roda baiano é uma expressão musical, coreográfica, poética e festiva das mais importantes e significativas da cultura brasileira. Presente em todo o estado da Bahia, ele é especialmente forte e mais conhecido na região do Recôncavo, a faixa de terra que se estende em torno da baía de Todos os Santos. Seus primeiros registros, já com esse nome e com muitas das características que ainda hoje o identificam, datam dos anos 1860. O Samba de Roda traz como suporte determinante tradições culturais transmitidas por africanos escravizados e seus descendentes. Tais tradições incluem, entre outros, o culto aos orixás e caboclos, o jogo da capoeira e a chamada comida de azeite. A herança negro-africana no Samba de Roda se mesclou de maneira singular a traços culturais trazidos pelos portugueses – como certos instrumentos musicais, viola e pandeiro principalmente – e à própria língua portuguesa nos elementos de suas formas poéticas. O Samba de Roda pode ser realizado em associação com o calendário festivo – caso das festas da Boa Morte, em Cachoeira, em agosto, de São Cosme e Damião, em setembro, e de sambas ao final de rituais para caboclos em terreiros de candomblé. Mas ele pode também ser realizado em qualquer momento, como uma diversão coletiva, pelo prazer de sambar. Essa expressão musical possui inúmeras variantes, que podem ser divididas em dois tipos principais: o samba chula, cujo similar na região de Cachoeira chama-se “barravento”, e o samba corrido. No primeiro, ninguém samba enquanto os cantores principais estão tirando, ou gritando, a chula, nome dado à parte poética deste tipo de samba. Quando esta termina, só uma pessoa de cada vez samba no meio da roda, e apenas ao som dos instrumentos e das palmas, com destaque para o ponteado feito na viola. No samba corrido, o canto alterna-se rapidamente entre um ou dois solistas e a resposta coral dos participantes. A dança acontece simultaneamente ao canto, e várias pessoas podem sambar de cada vez. A viola típica da região de Santo Amaro é chamada de machete e tem dimensões reduzidas, sendo pouco maior que um cavaquinho. Na coreografia, o gesto mais típico é o chamado miudinho, feito sobretudo da cintura para baixo. Consiste num quase imperceptível deslizar para frente e para trás dos pés colados ao chão, com a movimentação correspondente dos quadris, num ritmo assimilável ao compasso dito 6/8. Historiadores da música popular consideram o Samba de Roda baiano como uma das fontes do samba carioca que, como se sabe, veio a tornar-se, no decorrer do século XX, um símbolo indiscutível de brasilidade. A narrativa de origem do samba carioca remete à migração de negros baianos para o Rio de Janeiro ao final do século XIX, que teriam buscado reproduzir, nos bairros situados entre o canal do Mangue e o cais do porto, seu ambiente cultural de origem, onde a religião, a culinária, as festas e o samba eram partes destacadas.", "categoria": 0, "dt_identificacao": null, "dt_registro": null, "localizacao_especifica": "De acordo com o Dossiê, a pesquisa para registro do bem se deu em 21 municípios e 33 localidades (mencionadas entre parênteses):\r\nAratuípe (Maragogipinho), Camaçari (Parafuso), Cabaceiras do Paraguaçu (Sede, Geolândia), Cachoeira (Sede, Santiago do\r\nIguape, Alecrim, Belém), Castro Alves, Conceição do Almeida, Governador Mangabeira, Jaguaripe (Sede, Camassandi,\r\nMutá, Pirajuía), Lauro de Freitas (Portão), Maragogipe (Sede, Coqueiros, Itapecerica), Muritiba, Salvador, Santo Amaro (Sede, São Braz), São Félix, São Francisco do Conde (Sede, Ilha do Paty), São Sebastião do Passé (Maracangalha), Saubara (Sede, Bom Jesus dos Pobres), Simões Filho (Pitanga dos Palmares), Teodoro Sampaio, Terra Nova, Vera Cruz (Mar Grande).\r\nO polígono corresponde à área dos municípios.", "outra_denominacao": null, "integracao_licen_ambient": true }, "geometry": { "type": "Point", "coordinates": [ -38.51315572941381, -12.976204092208183 ] } },
{ "type": "Feature", "properties": { "id_bem_imaterial": 111, "id_abrangencia_bem_imat": 5, "st_registrado": true, "st_identificado": true, "no_bem_imaterial": "Tambor de Crioula do Maranhão", "ds_bem_imaterial": "O Tambor de Crioula é uma manifestação afro-brasileira que ocorre na maioria dos municípios do Maranhão, envolvendo uma dança circular feminina, canto e percussão de tambores. Dela participam as coreiras ou dançadeiras, conduzidas pelo ritmo intenso dos tambores e pelo influxo das toadas evocadas por tocadores e cantadores, culminando na punga ou umbigada – gesto característico, entendido como saudação e convite. O Tambor de Crioula inclui-se entre as expressões do que se convencionou chamar de samba, derivadas, originalmente, do batuque, assim como o jongo no Sudeste, o samba de roda do Recôncavo Baiano, o coco no Nordeste e algumas modalidades do samba carioca. Além de sua origem comum, constatam-se, entre essas expressões do samba, traços convergentes na polirritmia dos tambores, no ritmo sincopado, nos principais movimentos coreográficos e na umbigada. \r\nPraticado livremente, seja como divertimento ou em devoção a São Benedito, o Tambor de Crioula não tem local definido, nem época fixa de apresentação, embora se observe uma maior ocorrência desse evento durante o Carnaval e nas manifestações de Bumba-meu-boi. Trata-se de um referencial de identidade e resistência cultural dos negros maranhenses, que compartilham um passado comum. Os elementos rituais do Tambor permanecem vivos e presentes, propiciando o exercício dos vínculos de pertencimento e a reiteração de valores culturais afro-brasileiros.", "categoria": 0, "dt_identificacao": null, "dt_registro": null, "localizacao_especifica": "Os polígonos correspondem aos municípios de São Luís, Cajapió, Porto Rico do Maranhão, Pinheiro, Caxias, Mirinzal, Paço do Limiar, Raposa e São José do Ribamar.", "outra_denominacao": null, "integracao_licen_ambient": true }, "geometry": { "type": "Point", "coordinates": [ -44.241730382551758, -2.554138088592603 ] } },
{ "type": "Feature", "properties": { "id_bem_imaterial": 605, "id_abrangencia_bem_imat": 5, "st_registrado": true, "st_identificado": true, "no_bem_imaterial": "Maracatu Nação", "ds_bem_imaterial": "O Maracatu Nação, também conhecido como Maracatu de Baque Virado, é uma forma de expressão que conjuga um conjunto musical percussivo a um cortejo real. O momento de maior destaque dos grupos de Maracatu Nação consiste na saída às ruas para desfiles e apresentações no período carnavalesco. Esses grupos pertencem às comunidades que estão situadas, em sua grande maioria, nos bairros periféricos da Região Metropolitana de Recife, no estado do Pernambuco. Os maracatuzeiros denominam o corpo orquestral ou o conjunto percussivo de batuque, definido pela reunião dos batuqueiros que fazem e executam os baques de maracatu acompanhados pelas toadas, sob a regência de um mestre de batuque. O cortejo é composto por um conjunto de “figuras” ou “personagens” que acompanham a corte real, ou seja, o séquito do rei e da rainha do Maracatu Nação. De modo geral, os personagens que adentram a passarela para o desfile de carnaval são: os batuqueiros, o caboclo arreamar, o porta-estandarte, as damas de paço com as calungas, as damas de frente, os lanceiros, as baianas ricas, as baianas de cordão, os orixás e/ou entidades da jurema, os escravos de balé, a corte mirim, os casais nobres, príncipes e princesas, o porta-pálio, os pajens, os soldados romanos, as vassalas e o rei a rainha. Cada um desses personagens possui uma forma de se expressar no desfile. Dentre essas figuras do cortejo pode-se destacar: o rei e a rainha da nação de maracatu, que são os personagens centrais na composição hierárquica do cortejo; as calungas, bonecas negras confeccionadas com madeira ou pano, consideradas ícone do fundamento religioso e marco identitário dos maracatus nação; a dama do paço, personagem feminina responsável por conduzir a calunga durante o cortejo. Eles compõem a corte, representando a realeza do maracatu. O maracatu nação é entendido como uma forma de expressão que congrega relações comunitárias, compartilhamento de práticas, memória e fortes vínculos com o sagrado, evidenciadas por meio da relação desses grupos com os xangôs (denominação da religião dos orixás em Pernambuco) e jurema sagrada (denominação da religião de características afro-ameríndias que cultua mestres e mestras, caboclos, entre outras entidades). Os maracatus nação ainda podem remontar às antigas coroações de reis e rainhas congo. Os grupos são compostos majoritariamente por negros e negras e carrega elementos essenciais para a memória, a identidade e a formação da população afro-brasileira. O valor patrimonial do Maracatu Nação reside na sua capacidade de comunicar temporalidades, espacialidades, identidades e elementos da cultura brasileira tão diversa.", "categoria": 0, "dt_identificacao": null, "dt_registro": null, "localizacao_especifica": "Todo o estado do Pernambuco com ênfase no Recife e Região Metropolitana do Recife\t\t\t\t\r\nO polígono corresponde às áreas dos município de Camaragibe, Fernando de Noronha, Jaboatão dos Guararapes, Olinda, Paulista, Recife e São Lourenço da Mata.", "outra_denominacao": null, "integracao_licen_ambient": true }, "geometry": { "type": "Point", "coordinates": [ -34.898229374430592, -8.061747630780269 ] } },
{ "type": "Feature", "properties": { "id_bem_imaterial": 120, "id_abrangencia_bem_imat": 4, "st_registrado": true, "st_identificado": true, "no_bem_imaterial": "Ritual Yaokwa do Povo Indígena Enawene Nawe", "ds_bem_imaterial": "O Ritual Yaokwa é considerado a principal cerimônia do complexo calendário ritual dos Enawene Nawe, povo indígena de língua Aruak, cujo território tradicional e Terra Indígena estão localizados na região noroeste do estado de Mato Grosso. Com duração de sete meses, este ritual define o princípio do calendário anual Enawene, quando se dá a saída dos homens para a realização da maior de suas pescas - a pesca coletiva de barragem. O Ritual Yaokwa estende-se durante o período da seca, época marcada pelas interações com os temidos seres naturais do patamar subterrâneo, os Yakairiti. Na perspectiva nativa, estes seres estão condenados a viver com uma fome insaciável e precisam dos Enawene Nawe para satisfazer seu desejo voraz por sal vegetal, peixe e outros alimentos derivados do milho e da mandioca. Assim, os Enawene Nawe devem estabelecer uma relação de troca constante com esses espíritos para manter a ordem social e cósmica, trocas estas que ocorrem por meio de um complexo ciclo ritual que se distribui ao longo do ano. Para a realização deste ritual, o povo Enawene Nawe se divide entre os Harikare e os Yaokwa, em conformidade com os clãs que organizam sua sociedade. Os Harikare são os anfitriões e, como tais, permanecem na aldeia junto às mulheres, devendo preparar o sal vegetal, cuidar da lenha, acender o fogo e oferecer os alimentos, assim como limpar o pátio e os caminhos. Já os Yaokwa são os pescadores, que oferecem a pesca aos Yakairiti.\r\nO Ritual Yaokwa inicia-se em janeiro, com a colheita da mandioca e a coleta das matérias-primas, casca de árvore e cipó, para a construção do Mata - corpo central das armadilhas de pesca que deve ser acoplado às barragens a serem construídas nos rios. Neste período, realizam-se as primeiras oferendas de alimentos, cantos e danças aos Yakairiti. A pescaria do Ritual Yaokwa é organizada com a divisão da aldeia em nove grupos rituais de acordo com os clãs e com o conjunto de espíritos Yakairiti a que estão vinculados. O momento exato da partida é indicado, principalmente, pela floração da gramínea ohã (Gymnopogo foliosu) e pela fase lunar Tonaytiri. Estes sinais indicam o movimento migratório dos peixes das áreas alagáveis para as calhas dos rios, após a piracema. Chegando aos acampamentos, os pescadores dão início à construção da barragem de pesca, que deve seguir um procedimento rigoroso para evitar seu rompimento pela força da água. A pesca de barragem se baseia no mito de Dokoi, morto pelos peixes cujo pai, Dataware, como vingança, arremessava paus nas águas dos rios. Paus esses que se tornaram barragens que passaram a funcionar como armadilhas aos peixes. Ao construir barragens, os Enawene Nawe se tornam cúmplices da vingança, revivendo o mito pelo ritual Yaokwa, regulado pelos ciclos da natureza e integrando complexas relações de ordem simbólica, articulando domínios distinto e interdependentes entre sociedade, natureza e cultura.", "categoria": 3, "dt_identificacao": null, "dt_registro": null, "localizacao_especifica": "Terra Indígena Enawene Nawê, Noroeste do estado do Mato Grosso. O polígono corresponde à área de ocorrência identificada nos municípios de Comodoro, Juína e Sapezal.", "outra_denominacao": null, "integracao_licen_ambient": true }, "geometry": { "type": "Point", "coordinates": [ -59.157097600473413, -12.192834699465603 ] } },
{ "type": "Feature", "properties": { "id_bem_imaterial": 115, "id_abrangencia_bem_imat": 2, "st_registrado": true, "st_identificado": true, "no_bem_imaterial": "Ofício dos Mestres de Capoeira", "ds_bem_imaterial": "A capoeira é uma manifestação cultural presente hoje em todo o território brasileiro e em mais de 150 países, com variações regionais e locais criadas a partir de suas “modalidades” mais conhecidas: as chamadas “capoeira angola” e “capoeira regional”. O conhecimento produzido para a instrução do processo permitiu identificar os principais aspectos que constituem a capoeira como prática cultural desenvolvida no Brasil: o saber transmitido pelos mestres formados na tradição da capoeira e como tal reconhecidos por seus pares; e a roda onde a capoeira reúne todos os seus elementos e se realiza de modo pleno. \r\n\r\nO Ofício dos Mestres de Capoeira é exercido por aqueles detentores dos conhecimentos tradicionais desta manifestação e responsáveis pela transmissão oral das suas práticas, rituais e herança cultural. Largamente difundida no Brasil e no mundo, a capoeira depende da manutenção da cadeia de transmissão desses mestres para sua continuidade como manifestação cultural. O saber da capoeira é transmitido de modo oral e gestual, de forma participativa e interativa, nas rodas, nas ruas e nas academias, assim como nas relações de sociabilidade e familiaridade construídas entre mestres e aprendizes.", "categoria": 2, "dt_identificacao": null, "dt_registro": null, "localizacao_especifica": "Bem cultural de abrangência nacional. O ponto e os polígonos correspondem as áreas de ocorrência identificadas do bem.", "outra_denominacao": null, "integracao_licen_ambient": true }, "geometry": { "type": "Point", "coordinates": [ -43.933740422305327, -19.78927464604752 ] } },
{ "type": "Feature", "properties": { "id_bem_imaterial": 114, "id_abrangencia_bem_imat": 2, "st_registrado": true, "st_identificado": true, "no_bem_imaterial": "Roda de Capoeira", "ds_bem_imaterial": "A capoeira é uma manifestação cultural presente hoje em todo o território brasileiro e em mais de 150 países, com variações regionais e locais criadas a partir de suas “modalidades” mais conhecidas: as chamadas “capoeira angola” e “capoeira regional”. O conhecimento produzido para a instrução do processo permitiu identificar os principais aspectos que constituem a capoeira como prática cultural desenvolvida no Brasil: o saber transmitido pelos mestres formados na tradição da capoeira e como tal reconhecidos por seus pares; e a roda onde a capoeira reúne todos os seus elementos e se realiza de modo pleno. \r\n\r\nA Roda de Capoeira é um elemento estruturante desta manifestação, espaço e tempo onde se expressam simultaneamente o canto, o toque dos instrumentos, a dança, os golpes, o jogo, a brincadeira, os símbolos e rituais de herança africana - notadamente banto - recriados no Brasil. Profundamente ritualizada, a roda de capoeira congrega cantigas e movimentos que expressam uma visão de mundo, uma hierarquia e um código de ética que são compartilhados pelo grupo. Na roda de capoeira se batizam os iniciantes, se formam e se consagram os grandes mestres, se transmitem e se reiteram práticas e valores afro-brasileiros.", "categoria": 0, "dt_identificacao": null, "dt_registro": null, "localizacao_especifica": "Bem cultural de abrangência nacional. O ponto e os polígonos correspondem as áreas de ocorrência do bem.", "outra_denominacao": null, "integracao_licen_ambient": true }, "geometry": { "type": "Point", "coordinates": [ -43.933740422305327, -19.78927464604752 ] } },
{ "type": "Feature", "properties": { "id_bem_imaterial": 130, "id_abrangencia_bem_imat": 4, "st_registrado": true, "st_identificado": true, "no_bem_imaterial": "Produção Tradicional e Práticas Socioculturais Associadas à Cajuína no Piauí", "ds_bem_imaterial": "A cajuína é uma bebida não alcoólica, feita a partir do suco do caju separado do seu tanino, por meio da adição de um agente precipitador (originalmente, a resina do cajueiro, durante muitas décadas a cola de madeira ou de sapateiro e, atualmente, a gelatina em pó), coado várias vezes em redes ou funis de pano. Esse processo de separação do tanino do suco recebe o nome de clarificação, e o suco clarificado é então cozido em banho-maria em garrafas de vidro até que seus açúcares sejam caramelizados, permitindo que possa ser armazenada por períodos de até dois anos. \r\n\r\nO modo tradicional de produção da cajuína foi desenvolvido ao longo do tempo e, ainda que seja semelhante nos diversos núcleos produtores espalhados por todo o Piauí, cada núcleo realizou melhorias e aperfeiçoou técnicas específicas que podem produzir determinadas diferenças no seu produto final, distinguindo o sabor da sua bebida da dos demais produtores. O controle de cada uma das etapas de produção reflete nas características de cada garrafa da bebida. \r\n\r\nO modo de fazer e as práticas socioculturais associadas à cajuína são patrimônios culturais imateriais devido, em grande parte, a sua imersão nos rituais de hospitalidade das famílias no Piauí. O consumo da cajuína é um ato de degustação, geralmente acompanhado de comentários e comparações sobre as qualidades daquela garrafa da bebida, ressaltando sua cor, doçura, cristalinidade, leveza ou densidade. Mesmo sendo uma bebida, ela assume o simbolismo de alimento sendo inscrita na mesma tradição dos doces, bolos, biscoitos e outros saberes prendados cultivados para abastecimento do lar no Nordeste. Da mesma forma, reforça os laços entre os membros das redes familiares extensivas pelas quais a cajuína circula.\r\n\r\nNo panorama atual, novos atores passam a produzir e consumir cajuína, estimulados pelo acesso aos meios de produção. A cajuína alçou mercados externos ao Piauí e, ao mesmo tempo em que é valorizada como produto de forte apelo regional e cultural, reforça os sentidos de pertença e identidade dos piauienses e brasileiros.", "categoria": 2, "dt_identificacao": null, "dt_registro": null, "localizacao_especifica": "No Piauí, diversos núcleos produtores espalhados por todo o estado. Os polígonos correspondem aos municípios de Altos, Amarante, Aroazes, Bertolínia, Campo Maior, Corrente, Cristino Castro, Esperantina, Floriano, Ipiranga do Piauí, Jaicós, Jardim do Mulato, Luís Correia, Monsenhor Gil, Nazária, Palmeiras, Parnaíba, Pau D'arco do Piauí, Picos, Pimenteiras, Piracuruca, Regeneração, São João do Piauí, Teresina e Água Branca.", "outra_denominacao": null, "integracao_licen_ambient": true }, "geometry": { "type": "Point", "coordinates": [ -42.791590436848495, -5.086827047208388 ] } },
{ "type": "Feature", "properties": { "id_bem_imaterial": 591, "id_abrangencia_bem_imat": 4, "st_registrado": true, "st_identificado": true, "no_bem_imaterial": "Tava, Lugar de Referência para o Povo Guarani", "ds_bem_imaterial": "A Tava, enquanto patrimônio cultural, converge significados e sentidos atribuídos pelo povo indígena Guarani-Mbyá ao sítio histórico que abriga os remanescentes da antiga Redução Jesuítico-Guarani de São Miguel Arcanjo, localizado no município de São Miguel das Missões, no Rio Grande do Sul. O sítio histórico foi constituído como patrimônio cultural pelo Iphan, em 1938, e declarado patrimônio da humanidade, pela UNESCO, em 1983. Para os Guarani-Mbyá, a Tava trata-se de um local onde viveram seus antepassados, que construíram estruturas em pedra, nas quais deixaram suas marcas, e parte de suas corporalidades - por conter os “corpos” dos ancestrais que se transformaram em imortais; onde são relembradas as ‘belas palavras’ do demiurgo Nhanderu; e onde é possível vivenciar o bom modo de ser Guarani-Mbyá. Esse modo de viver permite tornar-se imortal e alcançar Yvy Mara Ey (a Terra sem Mal).É considerado lugar de referência por ser um espaço vivo que articula concepções relativas ao seu bem-viver, integra narrativas sobre sua trajetória e ‘caminhadas’ como povo e é diariamente vivenciado como lugar de atividades diversas e de aprendizado para os mais jovens. Estar na Tava aciona dimensões estruturantes e afetivas de sua vida social, pois ali se encontra uma ‘casa de pedra’ que concretiza, de maneira paradigmática, a morada dos antigos, visível a todos, tanto aos grandes karaí (homens e mulheres especiais, sábios, que dominam e proferem as ‘belas palavras’ ensinadas pelos criadores) quanto aos juruá (não-indígenas), e que evoca os ensinamentos fundamentais para se viver de acordo com os princípios éticos Guarani-Mbyá. Enfim, um lugar relacionado à sua memória e que, pela presença dos remanescentes daquilo que foi construído por mãos indígenas, apresenta uma condição singular de visualidade de significados que expressam a compreensão do mundo Guarani, no tempo presente. Além disso, por meio da Tava, os Mbyá interpretam o evento histórico – as Missões – incorporando-o às suas narrativas e reelaborando-o segundo a lógica de sua cosmologia. Tais sentidos dados à Tava permitem acionar sentimentos de pertencimento e identidade. O valor patrimonial da Tava reside na sua capacidade de comunicar temporalidades, espacialidades, identidades e elementos da cultura indígena cravada na história brasileira.", "categoria": 1, "dt_identificacao": null, "dt_registro": null, "localizacao_especifica": "Sítio Histórico de São Miguel Arcanjo, localizado no Parque de São Miguel Arcanjo, município de São Miguel das Missões - RS. O polígono corresponde à área de ocorrência identificada do bem.", "outra_denominacao": null, "integracao_licen_ambient": true }, "geometry": { "type": "Point", "coordinates": [ -54.555473852638606, -28.547514426831579 ] } },
{ "type": "Feature", "properties": { "id_bem_imaterial": 641, "id_abrangencia_bem_imat": 4, "st_registrado": true, "st_identificado": true, "no_bem_imaterial": "Modos de Fazer Cuias do Baixo Amazonas", "ds_bem_imaterial": "O modo de fazer Cuias na região do Baixo Amazona sé um ofício tradicional praticado predominantemente por mulheres, diretamente relacionado ao aproveitamento de recursos naturais disponíveis nessa região. As Cuias são produzidas artesanalmente em grande escala, especialmente no estado do Pará, mas também nos demais estados amazônidas, sendo caracterizadas e reconhecidas como símbolo identitário dos paraenses. Os saberes que dizem respeito à produção e utilização de Cuias faz parte das complexas dinâmicas de colonização e ocupação do espaço amazônico. Tais conhecimentos iniciaram-se por comunidades indígenas da região há mais de um século e, com o tempo, esse saber foi se disseminando por um território mais vasto e para outras comunidades. A confecção e a utilização das Cuias são práticas amplamente disseminadas no Baixo Amazonas na contemporaneidade. Sua existência se dá por meio de uma longa cadeia de produção e significação ancorada na sociabilidade de diversas comunidades ribeirinhas, tendo como fim uma infinidade de usos pelas próprias detentoras do saber e suas famílias, por outras pessoas das comunidades envolvidas com sua produção, por turistas, dentre outros. Em poucas linhas, o modo de fazer Cuias caracteriza-se pelas seguintes atividades: retirada dos frutos da cuieira, partição dos frutos no meio e retirada do miolo, secagem, raspagem das superfícies internas e externas, exposição ao sol, tingimento com cumatê, secagem das peças em um jirau, alocação das peças em um estrado denominado puçanga e processo de ornamentação. Para as populações ribeirinhas do Baixo Amazonas, as Cuias fazem parte do universo cotidiano da comunidade, como auxílio para as seguintes atividades: pegar água do rio, tomar banho, cozinhar, consumir alimentos líquidos e outros alimentos, tirar água da canoa, acessório decorativo nas paredes das casas, vasos de plantas, dentre outras. A produção e reprodução do modo de fazer Cuias no Baixo Amazonas, assim como todos os bens culturais associados a ele, são parte intrínseca dos processos de formação identitária dos sujeitos e sua prática está profundamente enraizada no cotidiano das comunidades ribeirinhas da região. O saber relacionado à produção de Cuias viabiliza a manutenção da memória dos grupos, pois seus saberes são transmitidos entre gerações através do aprendizado oral.", "categoria": 2, "dt_identificacao": null, "dt_registro": null, "localizacao_especifica": "Embora o fazer cuias se difunda para outras localidades do Baixo Amazonas, o município de referência para a identificação no processo de Registro foi Santarém/PA. O polígono corresponde os municípios de Monte Alegre/PA e Santarém/PA.", "outra_denominacao": null, "integracao_licen_ambient": true }, "geometry": { "type": "Point", "coordinates": [ -54.715664307983914, -2.438489425132918 ] } },
{ "type": "Feature", "properties": { "id_bem_imaterial": 122, "id_abrangencia_bem_imat": 4, "st_registrado": true, "st_identificado": true, "no_bem_imaterial": "Festa de Sant'Ana de Caicó no estado do Rio Grande do Norte", "ds_bem_imaterial": "A Festa de Sant'Ana de Caicó/RN é uma celebração tradicional que ocorre há mais de 260 anos e reúne diversos rituais religiosos, profanos e outras manifestações culturais da região do Seridó norte-rio-grandense. A Festa está profundamente enraizada na história de Caicó, em particular, e do sertão potiguar, em geral, remontando aos processos de formação da sociedade brasileira, ainda, no período da colonização portuguesa. Ocorre anualmente da quinta-feira anterior ao dia 26 de julho, dia de Sant'Ana, até o domingo subsequente. \r\nA Festa de Sant'Ana de Caicó/RN, constantemente ressignificada, se transforma também em ponto de convergência para a população de todo o Seridó, para migrantes, para turistas e para muitos que através dela reforçam seus sentimentos de pertencimento e de identidade. Este evento demarca um tempo e um espaço de sociabilidade no qual o sagrado e o profano se entrelaçam e se misturaram também a outras expressões culturais da região. Além de uma celebração representativa para este município, permite vislumbrar a diversidade das manifestações culturais e possibilita a compreensão abrangente de todo o Seridó potiguar. Assim, o espaço sagrado, as expressões narrativas, os atores sociais envolvidos e a tradição festiva são elementos que permitem manter a continuidade entre passado e presente.\r\nDurante a Festa de Sant’Ana de Caicó há uma grande programação socioculturais promovida tanto pela paróquia quanto pelo governo e a população em geral. Alguns exemplos são Jantar e a Feirinha de Sant’Ana, Arrastão da Juventude, Marcha dos Idosos, Baile dos Coroas, a Festa da Juventude, eventos na Ilha de Sant’Ana, Festa do Reencontro, Festas dos ex-alunos. Através delas é possível perceber a “afirmação de uma identidade construída, às vezes, mais na subjetividade do ‘sentir-se caicoense’ do que numa identidade religiosa”.\r\nAssim sendo, o evento demarca um tempo e um espaço de sociabilidade no qual o sagrado e o profano se entrelaçam e se misturaram também a outras expressões culturais da região. Além de uma celebração representativa para este município, permite vislumbrar a diversidade das manifestações culturais e possibilita a compreensão abrangente de todo o Seridó potiguar. Assim, o espaço sagrado, as expressões narrativas, os atores sociais envolvidos e a tradição festiva são elementos que permitem manter a continuidade entre passado e presente.", "categoria": 3, "dt_identificacao": null, "dt_registro": null, "localizacao_especifica": "O polígono corresponde às áreas de ocorrência do bem, interceptando os municípios de Acari/RN, Caicó/RN, Cruzeta/RN e São João do Seridó/RN.", "outra_denominacao": null, "integracao_licen_ambient": true }, "geometry": { "type": "Point", "coordinates": [ -37.093339331014946, -6.458419512355503 ] } },
{ "type": "Feature", "properties": { "id_bem_imaterial": 636, "id_abrangencia_bem_imat": 4, "st_registrado": true, "st_identificado": true, "no_bem_imaterial": "Feira de Campina Grande", "ds_bem_imaterial": "Situada nas bordas orientais do Planalto da Borborema, Campina Grande constituiu-se como espaço de comércio para aqueles que transitavam entre o litoral e o sertão. A formação e transformação da cidade de Campina Grande estão intimamente imbricadas com a Feira. No final do século XVIII, as relações desencadeadas pela Feira levariam a nascente urbe a se tornar uma referência para o comércio, um centro mercadológico que, associado à cultura algodoeira, acabou dinamizando a economia campinense, favorecendo o desenvolvimento local. A Feira, portanto, promoveu o desenvolvimento da cidade e, na medida em que sua importância e imponência se estabeleceram, passou a ser uma referência em todos os cantos da Paraíba e parte do Nordeste.\r\nNa Feira, outrora palco de importantes manifestações políticas populares como a Revolta do Quebra Quilos, podemos encontrar os produtos sertanejos, no atacado e no varejo, algodão, couro, carne, queijo, rapadura, mandioca e todo o tipo de alimento e utensílio de casa e do trabalho. Nela se iniciam e se encerram processos de produção artesanal e comercialização; circulam inúmeras manifestações literárias, musicais, plásticas, cênicas e lúdicas, além de conhecimentos e práticas tradicionais aprendidas nos séculos anteriores, reproduzidas e ensinadas contemporaneamente; forjam-se profissões, transmitidas nos círculos familiares, comunitários ou nas relações de apadrinhamento e vizinhança. Na Feira se interconectam e se influenciam mutuamente estratos sociais diversos, nas relações entre feirantes e fregueses; nela se atualizam os processos de compra e venda, com a adesão a novas formas de pagamento e a um novo repertório de produtos com forte apelo comercial. O Lugar da Feira campinense não é apenas espaço de comércio, mas também propicia outras formas de sociabilidade, expressas em relações de parentesco, solidariedade e religiosidade. Trata-se de um lugar patrimônio cultural de resistente continuidade histórica em meio às vicissitudes políticas, sociais e econômicas locais; e, por tudo isto, constitui o Patrimônio Cultural do Brasil.", "categoria": 1, "dt_identificacao": null, "dt_registro": null, "localizacao_especifica": "Campina Grande - PB. O polígono corresponde a área de ocorrência do bem.", "outra_denominacao": null, "integracao_licen_ambient": true }, "geometry": { "type": "Point", "coordinates": [ -35.878172099825058, -7.219282753249564 ] } },
{ "type": "Feature", "properties": { "id_bem_imaterial": 570, "id_abrangencia_bem_imat": 5, "st_registrado": true, "st_identificado": true, "no_bem_imaterial": "Cavalo-Marinho", "ds_bem_imaterial": "O Cavalo-Marinho é uma “brincadeira popular” que envolve performances dramáticas, musicais e coreográficas. É realizada durante o ciclo natalino e seus brincadores são, em geral, trabalhadores da zona rural. Concentra-se, principalmente, na Zona da Mata Norte pernambucana e Sul paraibana e está profundamente relacionado à vida rural e do trabalho dessa região. Contudo, a brincadeira não ficou restrita a elas, ecoa também na região metropolitana de Recife e de João Pessoa, além de vários outros territórios do país. No passado, era realizada nos engenhos de cana-de-açúcar, onde seus participantes trabalhavam.  Os conhecimentos relacionados ao Cavalo-Marinho são passados entre as gerações de forma oral, especialmente durante a realização da brincadeira. O Cavalo-Marinho pode ser entendido como um grande teatro popular no qual são representadas as cenas do cotidiano (da vida presente e passada) dos seus participantes, do mundo do trabalho rural por meio de variado repertório musical, poesia, rituais, danças, linguagem corporal, personagens mascarados e bichos, como o boi e o cavalo (que dá nome à brincadeira). Contém ainda louvação ao Divino santo Rei do Oriente e momentos em que há culto à Jurema Sagrada. O Cavalo-Marinho se realiza num terreiro de chão plano e, geralmente, no ar livre; a formação da brincadeira é em semicírculo com espaço para a plateia. A instrução técnica desse processo de Registro elencou um grande número de elementos artístico-culturais e socio-históricos que estão presentes na manifestação cultural, como, por exemplo, a presença de mestres e de personagens e os elementos da vivência do trabalho rural. No Cavalo-Marinho constroem-se constantemente novas identidades em cima da tradição. Mudança e continuidade não se excluem. Foi possível identificar, durante a instrução técnica, diferentes “estilos” de brincar relacionados a linguagens, à introdução de mudanças por determinados mestres, entre outros fatores. Neste sentido, o bem cultural em tela está em constante transformação a partir dos variados diálogos com brincadores e com o contexto em que se realiza. O valor patrimonial do Cavalo-Marinho reside na sua capacidade de comunicar temporalidades, espacialidades, identidades e elementos da cultura brasileira.", "categoria": 0, "dt_identificacao": null, "dt_registro": null, "localizacao_especifica": "Estado de Pernambuco. O ponto e os polígonos correspondem as áreas de ocorrência do bem identificadas no municípios de Aliança, Camutanga, Condado, Glória do Goitá e Olinda.", "outra_denominacao": null, "integracao_licen_ambient": true }, "geometry": { "type": "Point", "coordinates": [ -35.292492487534609, -7.952641607600621 ] } },
{ "type": "Feature", "properties": { "id_bem_imaterial": 633, "id_abrangencia_bem_imat": 5, "st_registrado": true, "st_identificado": true, "no_bem_imaterial": "Complexo Cultural do Boi Bumbá do Médio Amazonas e Parintins", "ds_bem_imaterial": "Este Complexo Cultural tem como cerne as variantes do folguedo do boi: o Boi de Terreiro, o Boi de Rua e o Boi de Arena. O folguedo do boi está presente em toda a extensão do território nacional, apresentando em cada contexto regional variações e denominações diferentes, além de ocorrências em distintas épocas do ano. No Norte do país ocorre predominantemente no ciclo junino.  O folguedo do boi teria chegado na região amazônica por meio das missões jesuíticas em seu esforço para catequizar os povos amazônicos no século XVII, retomando a tradição da “tauromaquia” presente no Mediterrâneo europeu e agregando itens utilizados pelos indígenas e negros. No contexto da migração para a Amazônia no final do século XIX e primeira metade do século XX, por conta da exploração econômica das seringueiras e da produção da borracha, essas manifestações da brincadeira do boi que ali se encontravam foram influenciadas pelas referências de outras regiões do país, principalmente nordestinas. Seja pela vertente jesuítica, seja pela nordestina, o folguedo do boi se estabeleceu e vicejou na região amazônica. O Boi de Terreiro apresenta o tema de morte e ressurreição do Boi e traz, em sua estrutura, um andamento ritual em quatro momentos: rito de chegada do Boi; de evolução do boi; de despedida do boi; e por último rito de matança do boi. O Boi de Rua se configura na transição, em parte, do Boi de Terreiro para o espaço urbano, no contexto de urbanização da região amazônica. Seguindo, ainda que com algumas variações, uma narrativa similar à do Boi de Terreiro, o Boi de Rua não possui lugar fixo e se desenvolve nos logradouros públicos em interação com os transeuntes e com os moradores que oferecem ao dono do boi e aos brincantes algum tipo de agrado. Tanto o Boi de Terreiro quanto o Boi de Rua apresentam, mais comumente, os seguintes elementos: Tribo Indígena, Vaqueirada, Pai Francisco e a Catirina, Amo do Boi, Doutor dos Trovões, Doutor das Cachaças, Doutor Cura-Bem, Gazumbá, Tuxaua e Cunha-Poranga. Por volta da década de 1980, derivado dos Festivais Folclóricos de Manaus e mais tarde de Parintins, surge o chamado Boi de Arena. Esta modalidade do folguedo se estabeleceu de forma especial na cidade de Parintins e apresenta características muito específicas. O Festival Folclórico de Parintins, referência dos estudos acerca do Boi de Arena, ocorre na última semana de junho. Durante três noites dois grupos de Boi Bumbá se revezam em apresentações, de caráter competitivo, de cerca de duas horas e meia. Um corpo de jurados é convidado a avaliar a cada ano a performance dos grupos e decidir o campeão. O Complexo Cultural do Boi Bumbá do Médio Amazonas e Parintins apresenta elementos que podem caracterizá-lo como uma forte referência cultural, possuindo uma natureza cerimonial de celebração junina. Dentre esses elementos pode-se citar a relação pai-filho na transmissão do folguedo; a importância do Boi-Bumbá na construção das identidades sociais, ficando patente a identidade", "categoria": 3, "dt_identificacao": null, "dt_registro": null, "localizacao_especifica": "Os polígonos correspondem as ocorrências identificadas nos municípios de Barreirinha, Boa Vista do Ramos, Itacoatiara, Itapiranga, Manaus, Maués, Nova Olinda do Norte e Parintins, no estado do Amazonas.", "outra_denominacao": null, "integracao_licen_ambient": true }, "geometry": { "type": "Point", "coordinates": [ -57.070115227618558, -2.801346407275976 ] } },
{ "type": "Feature", "properties": { "id_bem_imaterial": 105, "id_abrangencia_bem_imat": 3, "st_registrado": true, "st_identificado": true, "no_bem_imaterial": "Modo de fazer Viola-de-Cocho", "ds_bem_imaterial": "A Viola-de-Cocho é um instrumento musical singular quanto à forma e sonoridade, produzido exclusivamente de forma artesanal, com a utilização de matérias-primas existentes na Região Centro-Oeste do Brasil. É parte de uma realidade eco-sócio-cultural construída historicamente pelos sucessivos grupos sociais que vêm ocupando os atuais estados do Mato Grosso e Mato Grosso do Sul, em suas relações de troca com o meio natural e com a sociedade envolvente.  Seu nome deve-se à técnica de escavação da caixa de ressonância da viola em uma tora de madeira inteiriça, mesma técnica utilizada na fabricação de cochos (recipientes em que é depositado o alimento para o gado). Nesse cocho, já talhado no formato de viola, são afixados um tampo e, em seguida, as partes que caracterizam o instrumento, como cavalete, espelho, rastilho e cravelhas. \r\nA produção de violas-de-cocho é realizada por mestres cururueiros, seja para uso próprio, seja para atender à demanda do mercado local, também constituída por cururueiros e mestres da dança do siriri. Os materiais utilizados tradicionalmente para sua confecção são encontrados no ecossistema regional, correspondendo a tipos especiais de madeiras para o corpo, tampo e demais detalhes do instrumento; ao sumo da batata ‘sumbaré’ ou, na falta desta, a um grude feito da vesícula natatória dos peixes (ou poca) para a colagem das partes componentes; a fios de algodão revestidos para trastes (que, na região, também são denominados pontos) e tripa de animais para as cordas. A confecção, artesanal, determina variações observadas de artesão para artesão, de braço para braço, de fôrma para fôrma. As violas podem ser decoradas, desenhadas a fogo e pintadas, ou mantidas na madeira crua, envernizadas ou não. As fitas coloridas amarradas no cabo indicam o número de rodas de cururu em que a viola foi tocada em homenagem a algum santo – que possui, cada qual, sua cor particular. A Viola-de-Cocho é elemento presente e indispensável em várias manifestações e expressões da cultura popular dessa região, como o boi a serra, dança de São Gonçalo, folião, ladainha, rasqueado limpa banco (ou rasqueado cuiabano), e em festas religiosas tradicionais. Destaca-se, no entanto, como instrumento integrante do complexo musical, coreográfico e poético do cururu e siriri, juntamente com o ganzá (reco-reco de taquara) e o tamborim ou mocho (banco cujo assento de couro é percutido com baquetas de madeira). A Viola-de-Cocho é empregada nas rodas de cururu e siriri que ocorrem em festividades locais, como dias santificados, casamentos, aniversários, bem como festas organizadas para o pagamento de promessas. O cururu acontece com maior frequência durante as comemorações católicas. Nessa ocasião, os homens dançam em círculo, tocando violas-de-cocho e ganzás, e cantam louvações ao santo homenageado. Já o siriri, de cunho mais profano, conta também com a participação de mulheres e é dançado aos pares durante festas católicas ou outros eventos festivos.", "categoria": 2, "dt_identificacao": null, "dt_registro": null, "localizacao_especifica": "Municípios de Cuiabá; Santo Antônio do Leverger; Nossa Senhora do Livramento; Poconé; Jangada; Nobres; Rosário Oeste e Diamantino, Cáceres, Barão de Melgaço e Lambari D'Oeste no estado do Mato Grosso; e municípios de Corumbá e Ladário, no estado do Mato Grosso do Sul. Os polígonos correspondem à área dos municípios.", "outra_denominacao": null, "integracao_licen_ambient": true }, "geometry": { "type": "Point", "coordinates": [ -56.093261311462243, -15.595335432627493 ] } },
{ "type": "Feature", "properties": { "id_bem_imaterial": 127, "id_abrangencia_bem_imat": 4, "st_registrado": true, "st_identificado": true, "no_bem_imaterial": "Festa do Divino Espírito Santo de Paraty", "ds_bem_imaterial": "A celebração do Divino Espírito Santo é uma manifestação cultural e religiosa de origem portuguesa disseminada no período da colonização da América portuguesa e ainda hoje presente em todas as regiões do Brasil. As diversas celebrações brasileiras do Divino Espírito Santo compõem-se a partir de uma estrutura básica com algumas variações: a Folia, a Coroação de um Imperador e o Império do Divino, símbolos principais do ritual. A Festa do Divino Espírito Santo de Paraty, especificamente, incorporou a esta estrutura outros ritos e representações que agregam elementos próprios relacionados à história e formação da cidade. A fé no Espírito Santo e o pagamento de promessas por graças alcançadas estão na base da motivação para a realização da Festa , que extrapola os limites da esfera estritamente religiosa e conforma uma dinâmica de solidariedade, por meio de atos de doação e retribuição. Esta forma de sociabilidade comunitária evoca, nos patricipantes da Festa, sentidos de pertencimento a uma comunidade maior. A Festa do Divino Espírito Santo de Paraty é uma celebração profundamente enraizada no cotidiano dos moradores, um espaço de reiteração de sua identidade e determinante dos padrões de sociabilidae local. Ocorre em vário espaços de Paraty,  cidade que é importante sítio histórico tombado desde a década de 1950: na Ireja Matriz Nossa Senhora dos Remédios, na Praça da Matriz, na casa do Festeiro, além das diversas ruas pelas quais a procissão passa durante os dias de celebração. A organização é feita ao longo do ano por um Festeiro, renovado anualmente. A viabilização dos diferentes momentos da festa também é compartilhada com a Paróquia Local – encarregada da parte litúrgica – e a Prefeitura municipal – responsável pela parte profana, como as barracas da quermesse, shows e jogos. A população local participa com grande empenho, por meio de doações e ajudas diversas, realizadas, em geral, para agradecer a graça concedida ou para pagar uma promessa feita ao Divino. Constituída por vários rituais religiosos e expressões culturais, a Festa se realiza a cada ano desde o século XVII. Alguns fatores são apontados para a continuidade da Festa ao longo da história de Paraty: as carcaterísticas geográficas, as feições arquitetônicas e as tradições culturais contribuíram para a permanência do espírito colonial dentro de um país republicano. A população paratiense se empenha em buscar as imagens e os símbolos da época do Império, reconstituindo costumes e valorizando aspectos da cultura popular que haviam caído em desuso em outras épocas.", "categoria": 3, "dt_identificacao": null, "dt_registro": null, "localizacao_especifica": "Município de Paraty (RJ). O polígono corresponde à área de ocorrência do bem.", "outra_denominacao": null, "integracao_licen_ambient": true }, "geometry": { "type": "Point", "coordinates": [ -44.710905842019685, -23.21971765240415 ] } },
{ "type": "Feature", "properties": { "id_bem_imaterial": 643, "id_abrangencia_bem_imat": 4, "st_registrado": true, "st_identificado": true, "no_bem_imaterial": "Banho de São João de Corumbá e Ladário - MS", "ds_bem_imaterial": "O Banho de São João é uma celebração religiosa e festiva que acontece do dia 23 para o dia 24 de junho em Corumbá e Ladário no Mato Grosso do Sul. O momento que distingue a festa pantaneira ocorre quando uma série de procissões carregando andores se encaminha ao rio Paraguai e banha a imagem de São João em suas águas. A relação com as águas desse rio é fundamental na cosmologia dessa celebração joanina, pois o ritual de devoção e alegria coincide com o ciclo das águas e marca o início de um novo ciclo da natureza no Pantanal. Com o ritual do Banho, as águas do rio se tornam a manifestação de algo é divino, capaz de lavar os pecados, purificar e regenerar. É um recomeço cheio de esperanças e promessas, que dá sentido à vida e à identidade dos devotos. O Banho de São João é um momento de integração das comunidades, que começa com os preparativos nas casas e tem seu ápice na festa pública que é o ato de dar banho no Santo, seguido de festas familiares ou comunitárias. A aglomeração no Porto Geral, em Corumbá, e no Porto de Ladário, para assistir e participar do banho, brincar com os cortejos, receber bênçãos e louvar São João, faz parte de uma celebração única. Essa ocasião mescla o caráter de devoção com a sociabilidade enquanto comunidade, quando adeptos de diferentes religiosidades se reúnem em uma mesma festa. Ainda assim essa celebração não se resume a esse momento público: tanto as práticas que antecedem o ritual do banho, quanto as que ocorrem posteriormente, são constituintes e têm importância. Sem a pretensão de abarcar todos os signos relevantes, exemplifica-se com as atividades preparatórias que estão ligadas às procissões em direção ao rio: as novenas e preparações para a festa; as procissões, as missas e rezas que ocorrem durante o dia; o café da manhã comunitário na casa dos festeiros; e a subida do mastro de São João. Entre os elementos posteriores, são marcantes as festas nas residências; e os rituais de umbanda e candomblé que ocorrem do dia 24 ao dia 29 de junho, na festa de Preto Velho. O território de ocorrência também inclui vários templos religiosos de Corumbá e Ladário, abarcando católicos, espíritas, umbandistas, candomblecistas. As missas e outras celebrações ocorrem em várias localidades, incluindo o espaço privado das residências, onde acontece de os festeiros convidarem os padres a celebrarem missas em suas casas. A história desse ritual, seu contexto sociocultural e sua localização fazem parte da formação e das especificidades desse bem, marcado pela relação com o rio Paraguai, as relações de fronteira com a Bolívia e o multiculturalismo da região. Destaca-se na celebração o encontro da diversidade entre as diferentes religiões, onde São João é cultuado por devotos católicos, kardecistas e de religiões de matriz afro-brasileira, como candomblé e umbanda, nas quais São João é sincretizado como Xangô. O Banho de São João marca a vivência coletiva da religiosidade, do entretenimento e da identidade dessa parte do Brasil.", "categoria": 3, "dt_identificacao": null, "dt_registro": null, "localizacao_especifica": "Os polígonos correspondem às áreas de ocorrência identificadas nos municípios de Corumbá e Ladário no Mato Grosso do Sul.", "outra_denominacao": null, "integracao_licen_ambient": true }, "geometry": { "type": "Point", "coordinates": [ -57.652545372292231, -18.996395647814445 ] } },
{ "type": "Feature", "properties": { "id_bem_imaterial": 129, "id_abrangencia_bem_imat": 4, "st_registrado": true, "st_identificado": true, "no_bem_imaterial": "Festividades do Glorioso São Sebastião na Região do Marajó", "ds_bem_imaterial": "A existência da devoção a São Sebastião nesta região remonta ao período de colonização e à ação missionária no século XVI. São Sebastião é tido como protetor, advogado e também, associado às virtudes do guerreiro, o que o aproxima das características identitárias dos marajoaras. A imagem de São Sebastião é recorrente nos altares das casas e também das igrejas, e está sempre presente quando da realização das festividades. Esses altares são ornamentados por fitas e flores nas cores do santo: verde, vermelho e branco. A realização das festividades em devoção a São Sebastião compõe o calendário de homenagens em agradecimento a milagres e graças alcançados. São várias as localidades do Marajó que realizam a festividade em honra ao Glorioso São Sebastião e cada uma delas apresenta suas especificidades; assim, identificam-se variações na composição das comissões, na escolha dos representantes, dos responsáveis pelas diferentes atividades realizadas durante a festa e nos respectivos calendários. Os elementos simbólicos vinculados a esta Celebração se revelam nas expressões da devoção ao santo e na organização do conjunto de homenagens (ou eventos) que ocorrem no período festivo. Em geral, inicia-se o ciclo de festividades com um período de esmolação, com a duração de duas semanas a seis meses, e que consiste na peregrinação da comissão de foliões pelas regiões em torno do local da festa coletando donativos para o santo. Na chegada desses grupos às casas e fazendas são executadas as folias e ladainhas, principais expressões associadas à Celebração. As folias e ladainhas possuem repertórios próprios e específicos para cada situação, são transmitidas de geração a geração e, atualmente, também são repassados por meio de oficinas. As folias possuem algumas características que as consolidam enquanto repertório: a forma, o instrumental e suas funções em relação aos componentes da comissão e da peregrinação. Os momentos de execução das ladainhas estão imbuídos de sentimento de fé, respeito e carinho pelo santo. As músicas e rezas dão o tom de sacralidade e os arraiais o tom de alegria que compõem as festividades. Entre os dias 10 e 20 de janeiro ocorrem às festividades, propriamente ditas, marcadas pelo ciclo de levantamento e derrubada do mastro. Ao longo desses dias acontecem procissões, ladainhas, festas dançantes nos barracões e arraiais, momentos de encontro das pessoas da região. O frito do vaqueiro, comida típica local, o leite de onça e a luta marajoara são outros bens associados à realização desta Celebração, ocorrendo durante seus eventos. A ampla ocorrência das Festividades do Glorioso São Sebastião em toda a região do Marajó e sua relevância cultural paras essas populações possibilitaram sua inclusão no conjunto de bens imateriais reconhecidos.", "categoria": 3, "dt_identificacao": null, "dt_registro": null, "localizacao_especifica": "Região da Ilha de Marajó (PA). O polígono corresponde as áreas de ocorrência identificadas nos municípios de Breves, Cachoeira do Arari, Chaves, Ponta de Pedras e São Sebastião da Boa Vista.", "outra_denominacao": null, "integracao_licen_ambient": true }, "geometry": { "type": "Point", "coordinates": [ -50.479186735196237, -1.680539608440394 ] } },
{ "type": "Feature", "properties": { "id_bem_imaterial": 532, "id_abrangencia_bem_imat": 5, "st_registrado": true, "st_identificado": true, "no_bem_imaterial": "Carimbó", "ds_bem_imaterial": "O carimbó é uma expressão cultural que envolve um conjunto de práticas, sociabilidades, esteticidades e performances, entremeado por criações musicais e coreográficas. Sua área de ocorrência abrange o estado do Pará, com ênfase na região nordeste, ocorrendo em todo o ano e em distintas temporalidades. Sua história remonta ao século XVII, na porção da Amazônia que corresponde ao atual Pará e foi trazido ao Brasil por negros escravos africanos tendo incorporado influências indígenas e ibéricas. A palavra carimbó diz respeito ao tambor, posteriormente denominando também a expressão como um todo. As letras das canções do carimbó trazem à musicalidade da expressão os elementos da natureza (fauna e flora locais) e os aspectos do mundo do trabalho vivenciado pelos carimbozeiros. Os mestres, tocadores, dançarinos, cantadores e compositores do complexo cultural do carimbó são amazônidas que trabalham como carpinteiros, meeiros, roceiros, pedreiros, pescadores, catadores de caranguejo, biscateiros, serventes, vigilantes, caçadores, serígrafos, agricultores etc. A composição instrumental do carimbó conhecido como “tradicional” apresenta os seguintes elementos: dois ou três carimbós (tambores), um instrumento de sopro (flauta, saxofone ou clarinete), banjo, milheiros e maracas. Eventualmente, estão também presentes triângulo, reco-reco, paus, rufo, maraca, milheiro e tambor de onça. Os tambores sustentam a marcação rítmica e propulsionam os movimentos, o pulsar da canção e dos corações. Uma das dimensões essenciais da reprodução do carimbó na vida social carimbozeira é a relação com os instrumentos, principalmente em relação aos tambores (os curimbós). Objetos dotados de poder sensitivo e de simbologias múltiplas, os instrumentos do carimbó – principalmente aqueles fabricados pelos seus tocadores – são agrupados de maneira a conformar um espaço lúdico e de interações próprias. A dança do carimbó é motivada pelo baque dos tambores e caracteriza-se pelos dançantes, o cavalheiro e a dama, que realizam passos \"miúdos\" e giram em movimentos circulares, sem contato físico direto. Há padrões específicos de dança e vestimenta de acordo com cada localidade onde se faz o carimbó. O carimbó é praticado, principalmente, em reuniões entre amigos para “fazer o carimbó”, festas em devoção a São Benedito, apresentações em festivais e em outros eventos. As festas de carimbó não podem ser pensadas separadamente àquelas em homenagem a São Benedito, que recebeu a devoção dos negros escravizados levados para a Amazônia no século XVIII. O tempo dessas festas de carimbó está vinculado ao ciclo de festas do santo, geralmente, entre dezembro e janeiro de cada ano. Outra dimensão da prática do carimbó são os festivais, que atraem grupos de várias localidades. A produção e a reprodução do carimbó e bens culturais associados a ele são parte intrínseca dos processos de formação identitária dos sujeitos e sua prática enraizada no cotidiano das comunidades carimbozeiras.", "categoria": 0, "dt_identificacao": null, "dt_registro": null, "localizacao_especifica": "Estado do Pará com ênfase na região nordeste. O ponto e os polígonos correspondem as áreas de ocorrência do bem identificadas nos municípios de Belém, Colares, Marapanim, Salinópolis, Salvaterra, Santarém Novo e Soure.", "outra_denominacao": null, "integracao_licen_ambient": true }, "geometry": { "type": "Point", "coordinates": [ -48.474958819121007, -1.437362488798191 ] } },
{ "type": "Feature", "properties": { "id_bem_imaterial": 119, "id_abrangencia_bem_imat": 4, "st_registrado": true, "st_identificado": true, "no_bem_imaterial": "Festa do Divino Espírito Santo de Pirenópolis, no Estado de Goiás", "ds_bem_imaterial": "É uma celebração de origem portuguesa, disseminada no período colonial pelo território brasileiro, com variações em torno de uma estrutura básica e dos símbolos principais do ritual - as folias, a coroação de um imperador, e o império. Constituída por vários rituais religiosos e expressões culturais, a Festa do Divino é uma celebração profundamente enraizada no cotidiano dos moradores de Pirenópolis e determinante dos padrões de sociabilidade local.\r\n\r\nA esta estrutura básica, os agentes da Festa do Divino de Pirenópolis vêm incorporando outros ritos e representações, como as encenações de mascarados e cavalhadas, responsáveis pela grande notoriedade da festa, que se realiza nesta cidade a cada ano, desde 1819, durante cerca de 60 dias, com clímax no Domingo de Pentecostes, cinquenta dias após a Páscoa. A Festa do Divino Espírito Santo de Pirenópolis é uma das maiores manifestações de devoção ao Divino do Brasil. Dialogando sem cessar com o passado e o presente, ela envolve permanentemente toda uma cidade, determinando os padrões de sociabilidade local. A cidade faz a festa e a festa faz a cidade. Através dela se marca o tempo, se reproduzem estruturas sociais e se conformam identidades coletivas e individuais.\r\n\r\nSeus elementos essenciais, por ordem de ocorrência, são: as Folias “da Roça” e “da Rua”, que “giram” pela zona rural e pela cidade, levando as bandeiras do Divino e angariando donativos para a festa; a coroa, a figura do Imperador, as cerimônias e rituais do Império, com alvoradas, cortejos, novena, jantares e outras refeições coletivas, missas cantadas, levantamento do mastro, queima de fogos, distribuição de “verônicas”, sorteio e coroação do Imperador; as Cavalhadas, encenações de batalhas medievais entre mouros e cristãos, em honra do Imperador e do Espírito Santo; os Mascarados com máscaras de papel pintado, que circulam a pé e a cavalo pela cidade e pelo Campo das Cavalhadas; o Hino do Divino; o Coral de Nossa Senhora do Rosário; a Banda de Música Phoenix e a Banda de Couro ou Zabumba, que marcam os diversos rituais e cerimônias da celebração. Além destas, também constituem a Festa do Divino de Pirenópolis outras expressões e rituais agregados - desde seu início ou há várias décadas - e constantes da programação oficial, como a encenação de dramas, operetas e do auto natalino “As Pastorinhas”; o Reinado de Nossa Senhora do Rosário e de São Benedito, com seus Congos e Congadas, realizados na segunda e terça-feira seguintes ao Domingo de Pentecostes; os ranchões dançantes; a feira livre e a Cavalhadinha, que é a reprodução-mirim dos rituais da festa. Realizada no feriado de Corpus Christi por crianças de até 12 anos, a Cavalhadinha busca transmitir para as novas gerações os valores e referências da identidade cultural da sociedade de Pirenópolis, de modo a estimular a continuidade da Festa do Divino.", "categoria": 3, "dt_identificacao": null, "dt_registro": null, "localizacao_especifica": "Município de Pirenópolis (GO). Os polígonos correspondem às áreas de ocorrência do bem.", "outra_denominacao": null, "integracao_licen_ambient": true }, "geometry": { "type": "Point", "coordinates": [ -48.960069622566053, -15.856439903051006 ] } },
{ "type": "Feature", "properties": { "id_bem_imaterial": 639, "id_abrangencia_bem_imat": 4, "st_registrado": true, "st_identificado": true, "no_bem_imaterial": "Procissão do Senhor Jesus dos Passos de Florianópolis", "ds_bem_imaterial": "A Procissão do Senhor Jesus dos Passos é uma manifestação de religiosidade que se dá em torno da devoção a Nosso Senhor Jesus dos Passos, fundamentalmente organizada e realizada pela Irmandade do Senhor Jesus dos Passos, pela Igreja Católica e pelos devotos populares do Senhor dos Passos. A celebração ocorre anualmente na cidade de Florianópolis (SC) e é marcada por um conjunto de momentos rituais celebrados durante a 5ª semana da quaresma católica, culminando no domingo que antecede o Domingo de Ramos. \r\nAs principais etapas rituais celebradas são a Descida e troca das vestimentas das Imagens de Nosso Senhor Jesus dos Passos e Nossa Senhora das Dores; a Lavação da imagem de Nosso Senhor Jesus dos Passos; a Procissão do Carregador; a Procissão da Transladação das Imagens; a confecção de tapetes de rua; e a Procissão do Encontro, considerada o ápice simbólico deste sistema ritual. \r\nA Procissão do Senhor Jesus dos Passos simboliza o sofrimento, crucificação e morte de Jesus Cristo, tendo como suporte narrativo os evangelhos de Marcos, Mateus, Lucas e João. A Procissão repercute na vida dos devotos e na memória dos moradores da região e é também um momento no qual os laços familiares e a devoção são fortalecidos. Reforça-se a relação entre o devoto e o Senhor dos Passos, a qual é permeada por fortes sentimentos – de gratidão, esperança, amor e fé - e comoção. A expressão de devoção ao Senhor Jesus dos Passos não se restringe, contudo, apenas ao momento da Procissão, ela compreende os preparativos para o evento religioso e também é professada pelas famílias, em seus lares e ao longo de gerações.\r\nA Procissão é um sistema ritual que, para além de seu caráter litúrgico ao rememorar a Via Crucis, congrega elementos que reforçam os laços sociais e trocas simbólicas - estabelecendo vínculos comunitários e com o “divino” - fortalece identidades, demarca papéis sociais e apresenta uma sólida relação com a história de Florianópolis.", "categoria": 3, "dt_identificacao": null, "dt_registro": null, "localizacao_especifica": "O polígono corresponde à área de ocorrência da celebração no Centro de Florianópolis - SC.", "outra_denominacao": null, "integracao_licen_ambient": true }, "geometry": { "type": "Point", "coordinates": [ -48.5495, -27.5969 ] } },
{ "type": "Feature", "properties": { "id_bem_imaterial": 101, "id_abrangencia_bem_imat": 4, "st_registrado": true, "st_identificado": true, "no_bem_imaterial": "Ofício das Paneleiras de Goiabeiras", "ds_bem_imaterial": "É a prática artesanal de fabricação de panelas de barro, atividade econômica culturalmente enraizada na localidade de Goiabeiras, bairro de Vitória, Capital do Estado do Espírito Santo. Produto da cerâmica de origem indígena, o processo de produção das panelas de Goiabeiras conserva todas as características essenciais que a identificam com a prática dos grupos nativos das Américas, antes da chegada de europeus e africanos. As panelas continuam sendo modeladas manualmente com o auxílio de ferramentas rudimentares, a partir de argila sempre da mesma procedência. Depois de secas ao sol são polidas, queimadas a céu aberto e impermeabilizadas com tintura de tanino. A técnica cerâmica utilizada é reconhecida como legado cultural Tupiguarani e Una, com maior número de elementos identificados com os da tradição Una. A atividade, eminentemente feminina, é tradicionalmente repassada pelas artesãs paneleiras, através de gerações, às suas filhas, netas, sobrinhas e vizinhas, no convívio doméstico e comunitário. Apesar das transformações urbanas ocorridas ao longo do tempo, a localidade de Goiabeiras, conhecida como Goiabeiras Velha, permanece como um reduto de ocupação antiga, os quintais repartidos com as famílias de filhos e netos, onde saber fazer estas panelas de barro é o principal elemento formador da identidade cultural daquele grupo social. O processo de produção das panelas de barro emprega tradicionalmente matérias-primas provenientes do meio natural: a argila é extraída de jazida, denominada barreiro, no Vale do Mulembá, localizado na Ilha de Vitória, que até pouco tempo era acessado por canoa; a casca de Rhysophora mangle, popularmente denominada mangue vermelho, com que é feita a tintura de tanino, é coletada diretamente do manguezal que margeia a localidade de Goiabeiras. Dois dos principais instrumentos do ofício – a cuia e a vassourinha de muxinga – são feitos a partir de espécies vegetais encontradas nas proximidades. As panelas de Goiabeiras são quase sempre vendidas diretamente pelas paneleiras, nos locais de sua produção, geralmente nos quintais das casas ou no galpão da Associação das Paneleiras de Goiabeiras. A simetria, qualidade de acabamento e eficiência destas panelas de barro devem-se às peculiaridades do barro utilizado e à habilidade e conhecimento técnico de seus fabricantes. Matéria-prima da modelagem, a argila utilizada é bastante arenosa, e é essa composição do barro que condiciona o modo de fazer e dota seu produto de uma série de propriedades, influindo tanto no seu aspecto quanto na rapidez da secagem, na redução da presença de rachaduras, no rápido aquecimento durante a queima e na resistência à temperatura do fogo que não deixa que as panelas estourem na fogueira. Dá ainda à panela a propriedade de conservar o calor depois do cozimento – as moquecas são servidas borbulhando, e assim se mantêm por vários minutos.", "categoria": 2, "dt_identificacao": null, "dt_registro": null, "localizacao_especifica": "Bairro de Goiabeiras, município de Vitória (ES). O polígono corresponde à área de ocorrência do bem.", "outra_denominacao": null, "integracao_licen_ambient": true }, "geometry": { "type": "Point", "coordinates": [ -40.303102387516709, -20.269657911389054 ] } },
{ "type": "Feature", "properties": { "id_bem_imaterial": 637, "id_abrangencia_bem_imat": 3, "st_registrado": true, "st_identificado": true, "no_bem_imaterial": "Literatura de Cordel", "ds_bem_imaterial": "No Brasil, a expressão literatura de cordel foi empregada em fins da década de 50 e hoje em dia é reconhecida pelos próprios poetas como a que propriamente nomeia suas composições em versos. Os vínculos históricos da literatura de cordel com a cultura poética do Nordeste do país e suas narrativas orais, a cantoria, o repente, a embolada, a glosa e a declamação ensejaram a criação de estruturas formais para os poemas, facilitando a memorização dos versos. Em um contexto de oralidade, os padrões rítmicos e métricos funcionam como um resistente suporte mnemônico. Assim, a tríade rima, métrica e oração constitui o alicerce sobre o qual os poemas se assentam. Quando os cânones da rima, da métrica e da oração são cumpridos, a composição poética passa a se inserir em uma longa linhagem literária, transmitida por gerações.\r\nGeralmente medindo 11 cm × 16 cm, em papel de baixo custo e vendidos a preços módicos, os folhetos de cordel costumam ser impressos em uma folha de 30 cm × 20 cm dobrada ao meio e, em seguida, na margem esquerda, tendo, assim, um número de páginas múltiplo de 4. As capas merecem um destaque à parte em função da imagem que ilustra o folheto. Não se trata de uma mera ilustração do texto, mas tem função mnemônica, condensando a trama da narrativa, e função metafórica, multiplicando sentidos e significados calcados na observação do cotidiano e da vida social. Dentre todas as técnicas imagéticas já empregadas nas capas, a arte da xilogravura acabou conferindo uma identidade visual ao folheto de cordel de amplo reconhecimento, configurando-se como bem associado à literatura de cordel. \r\nO exame dos poemas ao longo do tempo revela que os poetas sempre estiveram atentos aos contextos da época e às experiências de vida de seus leitores e ouvintes, abordando novas temáticas, novas linguagens e novos públicos.Isso fez com que a literatura de cordel tenha se mantido ao mesmo tempo vinculada a um repertório que se firmou nas primeiras décadas do século XX e atualizada constantemente, dada a capacidade de os versos rimados traduzirem interpretações do cotidiano e da vida social. A relevância dos significados e valores da literatura de cordel, efetivos e atuais, e sua capacidade de desenvolver formas de transmissão de saber que envolvem múltiplas dimensões para além do ensino formal em muito contribuíram para a formação da sociedade brasileira e a construção da identidade nacional.", "categoria": 0, "dt_identificacao": null, "dt_registro": null, "localizacao_especifica": "Estados de Alagoas, Bahia, Ceará, Maranhão, Paraíba, Pernambuco, Piauí, Rio Grande do Norte, Rio de Janeiro, São Paulo e o Distrito Federal. O ponto e os polígonos correspondem as áreas de ocorrência do bem identificadas nos municípios de Salvador/BA, Crato/CE, Fortaleza/CE, Lavras da Mangabeira/CE, Brasília/DF, Campina Grande/PB, Caruaru/PE, Recife/PE, Teresina/PI, Rio de Janeiro/RJ, Natal/RN, São Paulo/SP.", "outra_denominacao": null, "integracao_licen_ambient": true }, "geometry": { "type": "Point", "coordinates": [ -46.628551285070102, -23.557537080392418 ] } },
{ "type": "Feature", "properties": { "id_bem_imaterial": 642, "id_abrangencia_bem_imat": 3, "st_registrado": true, "st_identificado": true, "no_bem_imaterial": "Teatro de Bonecos Popular do Nordeste - Mamulengo, Babau, João Redondo, Cassimiro Coco", "ds_bem_imaterial": "Trata-se de uma expressão teatral genuína da cultura brasileira e muito peculiar do nordeste brasileiro, rica da genialidade de seus criadores e na empatia que estabelece com seu público. Genericamente conhecida como mamulengo, é o teatro popular de bonecos que comparece nos diversos Estados da região, com diferentes denominações: Cassimiro Coco, no Ceará, João Redondo no Rio Grande do Norte, Babau na Paraíba, Mamulengo em Pernambuco, entre outras designações que pode apresentar regionalmente. O Teatro de Bonecos Popular do Nordeste, além de expressão artística que envolve conhecimento, técnicas e a criatividade de seus praticantes, é primordialmente uma expressão cultural de caráter coletivo, fortemente associada a práticas sociais e ao universo cultural de coletividades temporal e territorialmente identificados. Ou seja, é uma manifestação artístico-cultural estreitamente relacionada a grupos sociais específicos e profundamente enraizada no cotidiano dessas comunidades, mais do que expressão da criatividade de um artista, embora esse aspecto deva ser também considerado para uma compreensão mais abrangente do fenômeno. Assim, ver o teatro de bonecos popular como manifestação cultural de caráter coletivo e como expressão artística individual, simultaneamente, é imprescindível para a apreensão de sua dinâmica, constituição e de toda a sua complexidade. Essa arte teatral e os saberes a ela relacionados se mantêm vivos e presentes em vários estados do Nordeste brasileiro. A prática se estendeu por todas as regiões do país, levada por migrantes em busca de melhores condições de vida, sendo recriada e reinterpretada nos locais onde se fixou. Entretanto, ainda existe e resiste em seus territórios originais. Dentre as características de caráter geral referente ao teatro de bonecos popular do Nordeste como forma de expressão e como linguagem teatral, comuns às suas diferentes versões regionais ou variantes, relacionamos: realizado no chão, geralmente ao ar livre, prescindindo de um espaço especial para acontecer; participação ativa dos espectadores; não linearidade na dramaturgia; apresentação composta por várias cenas, ou passagens, que prescindem de conexão entre si e de um tempo determinado para acontecer; utilização de bonecos que seguem referências universais enquanto tipos humanos; não realismo da apresentação, baseada no absurdo, na comicidade e no improviso; alternância na utilização da dança e da música dentro de uma representação estilizada; seus atores não geralmente não possuem formação teatral formal; a transmissão dos saberes é realizada por tradição oral; circunscrição aos parâmetros da tradição (códigos comuns); as apresentações falam de seu universo sociocultural, compartilhado por bonequeiro e público.  O valor patrimonial do Teatro de Bonecos Popular do Nordeste reside tanto em seus aspectos artísticos, quanto nos sentidos que produz para as comunidades que o compartilham e para a diversidade cultural brasileira.", "categoria": 0, "dt_identificacao": null, "dt_registro": null, "localizacao_especifica": "Estados do Rio Grande do Norte, Pernambuco, Paraíba, Ceará, Distrito Federal. O ponto e os polígonos correspondem as áreas de ocorrência do bem identificadas nos municípios de Natal/RN, Recife/PE, Olinda/PE, Glória do Goitá/PE, Carpina/PE, João Pessoa/PB, Guarabira/PB, Bananeiras/PB e Brasília/DF.", "outra_denominacao": null, "integracao_licen_ambient": true }, "geometry": { "type": "Point", "coordinates": [ -48.053941806465446, -15.841583350388726 ] } },
{ "type": "Feature", "properties": { "id_bem_imaterial": 123, "id_abrangencia_bem_imat": 4, "st_registrado": true, "st_identificado": true, "no_bem_imaterial": "Complexo Cultural do Bumba-meu-boi do Maranhão", "ds_bem_imaterial": "O Bumba-meu-boi é uma festa tradicional em que a figura do boi é o elemento central, porém reúne diversas outras manifestações culturais e assim se configura como um vasto “complexo cultural”. Muitas vezes definido como um folguedo popular, o Bumba-meu-boi extrapola o aspecto lúdico da brincadeira para fazer sentido como uma grande celebração em cujo centro gravitacional encontram-se o boi, o seu ciclo vital e o universo místico-religioso. Profundamente enraizado no cristianismo e, em especial, no catolicismo popular, o Bumba-meu-boi envolve a devoção aos santos juninos São João, São Pedro e São Marçal, que mobilizam promessas e marcam algumas datas comemorativas. Contudo, os cultos religiosos afrobrasileiros do Maranhão, como o Tambor de Mina e o Terecô, também estão presentes nessa celebração, uma vez que ocorre o sincretismo entre os santos juninos e os orixás, voduns e encantados que requisitam um boi como obrigação espiritual.\r\n\r\nO Bumba-meu-boi é vivenciado pelos brincantes ao longo de todo o ano. As apresentações dos Bois ocorrem em todo o estado do Maranhão e concentram-se durante os festejos juninos. Seu ciclo festivo e de apresentações pode ser apreendido em quatro etapas: os ensaios, o batismo do boi, as apresentações e a morte. O Bumba-meu-boi do Maranhão comporta diversos estilos de brincar - chamados de sotaques - sem que, contudo, se tornem manifestações distintas. Em geral, dividem-se os sotaques em cinco: Baixada, Matraca, Zabumba, Costa-de-mão, Orquestra; contudo, estes estilos não são os únicos e existem ainda muitas variações, assim como Bois alternativos. Alguns aspectos intrinsecamente relacionados à celebração são o boi, a festa, os rituais, a devoção aos santos associados à manifestação, as músicas, as danças, as performances dramáticas, os personagens, os artesanatos e demais ofícios, os instrumentos, os diversos estilos (sotaques) de brincar o Bumba-meu-boi e o caráter lúdico. Assim, esta celebração articula várias formas de expressão e saberes. O Bumba-meu-boi é uma manifestação com grande capacidade de mobilização social, que reforça laços de solidariedade entre os brincantes e, consequentemente, contribui na (re)construção identitária.", "categoria": 3, "dt_identificacao": null, "dt_registro": null, "localizacao_especifica": "Estado do Maranhão, principalmente no município de São Luís (MA). Os polígonos e o ponto correspondem às áreas de ocorrência do bem identificadas nos municípios de São José do Ribamar/MA, São Luís/MA e Tutóia/MA .", "outra_denominacao": null, "integracao_licen_ambient": true }, "geometry": { "type": "Point", "coordinates": [ -44.303880400254499, -2.517062356166701 ] } },
{ "type": "Feature", "properties": { "id_bem_imaterial": 128, "id_abrangencia_bem_imat": 4, "st_registrado": true, "st_identificado": true, "no_bem_imaterial": "Festa do Senhor Bom Jesus do Bonfim", "ds_bem_imaterial": "A Festa do Senhor Bom Jesus do Bonfim é uma celebração tradicional que ocorre desde o século XVIII. Sua origem remonta à Idade Média, na península ibérica, e tem fundamento na devoção ao Senhor Bom Jesus ou Cristo Crucificado. Esta celebração integra o calendário litúrgico e o ciclo de Festas de Largo da cidade de Salvador e é realizada anualmente, sem interrupção, desde 1745. A festa articula duas matrizes religiosas distintas, a católica e a afro-brasileira, assim como incorpora diversas expressões da cultura e da vida social soteropolitana. Está profundamente enraizada no cotidiano dos habitantes de Salvador, sendo constituidora da identidade brasileira e manifestação com grande capacidade de mobilização social. Durante o mês de janeiro, a celebração reúne ritos e representações religiosas, além de manifestações profanas e de conteúdo cultural. Inicia-se um dia após a Epifania, ou o Dia dos Santos Reis, que conclui o ciclo natalino, e encerra-se no segundo domingo depois da Epifania – o Dia do Senhor do Bonfim. É dividida em diferentes momentos marcantes de sua constituição: as Novenas, o Cortejo, a Lavagem das escadarias e do adro da Igreja de Nosso Senhor do Bonfim, os Ternos de Reis e a Missa Campal. As novenas iniciam-se um dia após o Dia de Reis e terminam no sábado, véspera do Dia do Senhor do Bonfim, sendo um elemento litúrgico presente em largo período da festa. O Cortejo é um percurso de oito quilômetros que se forma na Igreja de Nossa Senhora da Conceição da Praia, na Cidade Baixa e culmina com a Lavagem das escadarias e do adro da igreja, que ocorre na quinta-feira anterior ao Domingo do Senhor do Bonfim. A Lavagem é realizada por baianas e filhas de Santo como missão familiar e religiosa. Com suas “quartinhas” com flores e água de cheiro, elas reverenciam o orixá Oxalá e abençoam os devotos. O Cortejo e a Lavagem são os pontos de destaque da festa. Após o encerramento da última novena, no sábado à noite, em frente à Igreja do Bonfim, acontece a apresentação dos Ternos de Reis. No Dia do Senhor do Bonfim, na manhã do segundo domingo após a Epifania, é realizada a Missa Campal, de caráter solene, no adro da Igreja do Bonfim, representando o ápice dos eventos litúrgicos e o encerramento da parte religiosa desta celebração. Ainda há a Procissão dos Três Desejos, finalizando dos eventos festivos, com a presença da imagem peregrina do Senhor do Bonfim.", "categoria": 3, "dt_identificacao": null, "dt_registro": null, "localizacao_especifica": "Igreja Nosso Senhor do Bonfim, município de Salvador (BA). O polígono corresponde à área de ocorrência do bem.", "outra_denominacao": null, "integracao_licen_ambient": true }, "geometry": { "type": "Point", "coordinates": [ -38.508129933247382, -12.923818383489088 ] } },
{ "type": "Feature", "properties": { "id_bem_imaterial": 640, "id_abrangencia_bem_imat": 4, "st_registrado": true, "st_identificado": true, "no_bem_imaterial": "Bembé do Mercado", "ds_bem_imaterial": "O Bembé do Mercado é uma celebração de caráter religioso e cívico realizada na data em que se rememora a assinatura da Abolição da Escravatura no Brasil – o dia 13 de maio – e na qual se imbricam as dimensões religiosas, políticas, culturais e sociais, extremamente importantes para o povo de santo e para os santo-amarenses em geral. Classificado como um “Candomblé de Rua” pela comunidade detentora e por pesquisadores, o Bembé do Mercado é realizado anualmente por um conjunto de terreiros no Largo do Mercado, no município de Santo Amaro/BA, região do Recôncavo Baiano. A festa teria sido iniciada em comemoração ao primeiro ano da Abolição da Escravatura. Ainda que as condições vividas pela população negra recém liberta fossem marcadas pela exclusão social, econômica, política e cultural, os relatos contam que os pescadores e o povo de santo reuniram-se naquele 13 de maio de 1889, sob a liderança de João de Obá, e celebraram a liberdade, realizando o Candomblé de rua, o qual durou três dias. No último dia, a celebração culminou com uma entrega de oferenda para a Mãe D´água. O Bembé do Mercado, inicialmente realizado na Ponte do Xaréu e mais tarde no Largo do Mercado, espaços centrais na história da cidade de Santo Amaro, caracteriza-se como uma obrigação religiosa, onde os ancestrais e as divindades africanas e afro-brasileiras orientam, por meio  do oráculo, de sonhos e intuições, a organização e a execução dessa celebração, destinada às Divindades das Águas, para agradecer e propiciar o bem-estar da coletividade. A celebração se divide em três momentos cerimoniais: os ritos ligados ao fundamento da festa (as cerimônias para os ancestrais, o Padê de Exu, o Orô de Iemanja e Oxum); o Xirê do Mercado; e a entrega dos presentes destinados a Iemanjá e a Oxum. No Bembé do Mercado a estrutura musical é composta pelos três tambores sagrados, o gã ou agogô (instrumentos metálicos percussivos) e pelo canto que pode ser executado pelos ogãs alabês (cargo daqueles responsáveis pela execução instrumental dos atabaques), sacerdotes e sacerdotisas de outras casas e cidades convidados pelo coletivo que organiza a festividade, e pelos próprios babalorixás e iyalorixás das casas organizadoras. A celebração inclui não apenas as cerimônias religiosas, envolvendo a participação de outros bens culturais de natureza imaterial – o Maculelê, a Capoeira, o Samba de Roda, a Burrinha, a Puxada de Rede, o Lindro Amor, o Negro Fugido – e momentos políticos, cujos atores pertencem a universos culturais e sociais altamente imbricados com o Candomblé. O território de ocorrência do festejo acolhe o Largo do Mercado Municipal de Santo Amaro (preparado e sacralizado para acolher o Xirê e o presente à Iemanjá e Oxum); os terreiros onde ocorrem a produção e sacralização do presente de Iemanjá e Oxum; e a praia onde ocorre a entrega do presente, no mar, em agradecimento e em pedido de prosperidade para o povo da cidade.", "categoria": 3, "dt_identificacao": null, "dt_registro": null, "localizacao_especifica": "Município de Santo Amaro, no estado da Bahia. Os polígonos correspondem às áreas de ocorrência do bem.", "outra_denominacao": null, "integracao_licen_ambient": true }, "geometry": { "type": "Point", "coordinates": [ -38.707112, -12.549757 ] } },
{ "type": "Feature", "properties": { "id_bem_imaterial": 630, "id_abrangencia_bem_imat": 4, "st_registrado": true, "st_identificado": true, "no_bem_imaterial": "Festa do Pau da Bandeira de Santo Antônio em Barbalha/CE", "ds_bem_imaterial": "A Festa do Pau da Bandeira de Santo Antônio de Barbalha/CE é uma celebração popular que, desde 1928, antecede os festejos do dia 13 de junho, dia de Santo Antônio de Pádua. Trata-se de uma grande celebração que acompanha a versão local do costume disseminado em vários lugares do país, de erguer, em frente à Igreja Matriz da cidade, um tronco de grande porte, que recebe a bandeira do santo padroeiro da cidade. A data central da Festa é o domingo mais próximo ao dia 31 de maio, dia do Carregamento e Hasteamento do Pau da Bandeira. O evento que envolve praticamente todos os segmentos sociais da cidade e da região, demonstrando, contudo, um protagonismo dos “Carregadores do Pau”, grupo formado por representantes das classes populares de Barbalha, em sua maior parte trabalhadores do mercado da cidade, e que são responsáveis pela escolha e corte do tronco que será transformado no mastro e que, no dia da Festa, percorrem os cerca de sete quilômetros que separam o local de preparação do mastro e a Praça da Matriz de Santo Antônio no centro de Barbalha, com o Pau da Bandeira às costas. O Cortejo do Pau, momento central da Festa, é cercado por uma enorme quantidade de celebrações e formas de expressão que conformam o grande complexo que a Festa se tornou, com destaque para o “Desfile de Folguedos”, no qual a cidade inteira mobiliza seus grupos folclóricos como: bandas cabaçal; capoeira; dança da maresia; dança de São Gonçalo; dança do capim da lagoa; dança do coco; dança do maneiro pau; dança do milho; dança do pau de fitas; lapinhas; quadrilhas; reisado de congo; reisado de couro; além de grupos de devotos de todo tipo que tomam as ruas de Barbalha e promovem a bênção da bandeira, incelências, pagam penitências entre outras. Após o carregamento e hasteamento a comunidade católica da cidade organiza a “Trezena” – ciclo de orações na qual a imagem do santo peregrina por diversas casas da cidade durante os 13 dias que separam o dia 31 de maio e o dia da Festa de Santo Antônio. Por fim, no dia de Santo Antônio, 13 de junho, ocorre a procissão de Santo Antônio que, ao percorrer as ruas da cidade, fecha o ciclo festivo com uma missa na Igreja Matriz da cidade. Para que a celebração se concretize, uma enorme gama de celebrações, formas de expressão, ofícios e lugares da cidade são acionados, perpassando e envolvendo praticamente todos os setores e segmentos sociais da cidade, atraindo um público numeroso, oriundo da região do Cariri, do estado do Ceará, do país e até mesmo do exterior", "categoria": 3, "dt_identificacao": null, "dt_registro": null, "localizacao_especifica": "Município de Barbalha/CE. O polígono corresponde às áreas de ocorrência do bem.", "outra_denominacao": null, "integracao_licen_ambient": true }, "geometry": { "type": "Point", "coordinates": [ -39.303081307926732, -7.312793807940585 ] } },
{ "type": "Feature", "properties": { "id_bem_imaterial": 596, "id_abrangencia_bem_imat": 5, "st_registrado": true, "st_identificado": true, "no_bem_imaterial": "Maracatu do Baque Solto", "ds_bem_imaterial": "O folguedo conhecido por maracatu de baque solto, maracatu de orquestra, maracatu de trombone, maracatu de baque singelo ou maracatu rural é uma brincadeira que ocorre durante as comemorações do Carnaval e no período da Páscoa. É composto por dança, música e poesia, e está associado ao ciclo canavieiro da Zona da Mata Norte de Pernambuco, especialmente, e às áreas sob sua influência cultural, havendo também apresentações na Região Metropolitana do Recife e outras localidades. Através da pesquisa do Inventário Nacional de Referências Culturais, tem-se o relato de que os mais antigos maracatus foram fundados em engenhos e que seus fundadores eram trabalhadores rurais, trabalhadores do canavial, cortadores de cana-de-açúcar, entre fins do século XIX e início do XX. Esta herança imaterial tem sido legada aos contemporâneos, revelada em gestos, performances, nos “pantins” de caboclos e dos arreiamás, na dança das baianas, nas loas dos mestres, nas indumentárias vestidas pelos folgazões.  Diferente do maracatu nação ou de baque virado, o maracatu rural ou de baque solto não descende exclusivamente da instituição dos reis de congo; é um resultado da fusão de manifestações populares – cambindas, bumba-meu-boi e cavalo marinho, coroação dos reis negros. Tem forte tradição na palha da cana, sobretudo na Zona da Mata Norte, e mesmo convivendo com as adversidades decorrentes de tal contexto socioeconômico, esses canavieiros construíram um vigoroso legado cultural, em que os maracatus de baque solto sobressaem. A singularidade do Maracatu Rural/ Baque Solto se expressa tanto através da sua musicalidade, um tipo de batuque ou baque solto, bem como por seus movimentos coreográficos e indumentária dos personagens e pela riqueza de seus versos de improviso. O aspecto sagrado/religioso/ritualístico perpassa o folguedo durante todo o ano, em que se dão os ensaios/sambadas e também durante as apresentações na época do Carnaval e na Páscoa, caracterizando-o fundamentalmente como possuidor do “segredo do brinquedo”, tão caro a seus detentores.", "categoria": 0, "dt_identificacao": null, "dt_registro": null, "localizacao_especifica": "Todo o Estado do Pernambuco com ênfase na Zona da Mata Norte. O ponto e os polígonos correspondem as áreas de ocorrência do bem identificadas nos municípios de Aliança, Araçoiaba, Condado, Nazaré da Mata, Olinda Recife e Tracunhaém. .", "outra_denominacao": null, "integracao_licen_ambient": true }, "geometry": { "type": "Point", "coordinates": [ -34.894154459533567, -7.994159377420401 ] } }
]
}
